"owner","repo_name","java_commits"
"0cmg","interviews","2828"
"1031nice","College-CP2-TeamProject","375"
"1217079729","bilibili_auto_task","424"
"1582130940","Phonograph","1090"
"1Programm","Plugz","1008"
"1and1","ono-maven-shared","74"
"1chuang","handbook","1"
"1ezio","ietians-diary","115"
"1fish2","BBQTimer","316"
"2122-4ahif-nvs","01-microproject-AnnaHartl","110"
"2No2Name","miscanium","13"
"3pillarlabs","spring-data-simpledb","1861"
"4ndru1d","fabric-example-mod","5"
"5h3r10k","APCSA-2021","166"
"ACINQ","bitcoin-kmp","2"
"AICP","device_sony_yuga","1"
"AOKP","device_sony_yuga","2"
"AOKP","packages_providers_MediaProvider","133"
"ASRIMohammed","javaee.wtp","31630"
"ASU-FACT","backend-A","354"
"AYC-222","gitiles","550"
"AYCHGIT","aex","60222"
"Abhinavlamba","Hillffair2k19","225"
"AbhishekTandon80","sring-boot-docker","13"
"AbrarSyed","SecretRoomsMod-forge","2431"
"Activiti","activiti-cloud-application","664"
"Addevice","flutter_location","74"
"AdrianoMartins","android_packages_apps_Eleven","1869"
"AdvancedProgrammingSUT2022","project-group-06","1091"
"AgeOfLearning","flutter_audioplayers","51"
"Akarin-project","StarLink","12782"
"AlbertSnow","TensorFlowCamera","2986"
"AlejandroNu21","Sistema_Libreria","178"
"AlessandroBagnoli","pivotal-certified-pro-spring-dev-exam-02","2729"
"Alex-the-666","AlexsMobs","4995"
"Alex-the-666","Ice_and_Fire","15495"
"AlexProgrammerDE","PistonQueue","1011"
"AlexRogalskiy","gradle-kotlin-sample","8"
"AlexanderB92","flutter-plugins","571"
"AlexanderChristian","private_inteviews","2828"
"AlexandreCarlton","idea-settings","397"
"Alexandru-Dascalu","Damn-Vulnerable-Mobile-ICC","6"
"AlexeyZhabko","DemoWorks","248"
"Aliaksei-Kavalchuk","jpetstore-6","314"
"Almighty-Alpaca","JetBrains-Discord-Integration","356"
"AmishiBansal","nimbus2021","396"
"Anas-Elgarhy","JCmusIntegrationWithDiscord","167"
"Andersraae","AdvancedGorillaGame","148"
"AndorsTrailRelease","andors-trail","519"
"Androp0v","CerbuApp-Android","116"
"Andrzej97","tetrahedral-mesh-generation","297"
"AniTrend","android-emojify","48"
"AniTrend","support-arch","97"
"AntonioDiaz","hackerrank.com_java","747"
"Anyz01","IO_Utils","778"
"Apress","pivotal-certified-pro-spring-dev-exam-02","2729"
"AraguaneyBits","bitcoinrpc4java","413"
"ArchMCJP","Bukkit","5667"
"ArletaLewandowska","amu_automata_2011","2940"
"Arquisoft","citizensLoader_i2b","267"
"ArrowOS","android_packages_services_Telephony","658"
"ArthurItajahy","Farmacia","29"
"ArtistaVeKaras","serenitybdd-udemy","312"
"ArtyomBY","Main_Project_Android","50"
"Asriel99","blue","182"
"Athlas","table_calendar_matchpro","2"
"AtunBetun","Backgammon","229"
"Automattic","elasticsearch-statsd-plugin","150"
"Azure","azure-notificationhubs-android","707"
"BIOP","ijp-imagetoatlas","2735"
"BIT-SYS","cloud-ladder","510"
"BTP-Sem-5-Project","Project-Management-Assistant-and-Tracking-App","210"
"BWimmunizationtracker","backend","266"
"Backbase","stream-services","428"
"Baneeishaque","Android-Common-Utils19","400"
"BartlomiejBak","lawyer","960"
"BayzedHossain","newlocation","67"
"Bedework","bw-util","2408"
"BeeloOpensourceGroup","LightMCServer","8"
"BennoGAP","notification-forwarder-v3","124"
"BernhardBln","opensourcecashregister","798"
"Bethhh","OASIS_Android","201"
"Biggeroof","ICS4U1-homework","181"
"Birju-org","jpet-store","198"
"Birju-org","pet-store","198"
"BistroStudios","Madison-Bar-Specials","22"
"Blaccreed","LuddiagAPPLI","94"
"BloomhouseMC","BewitchedGarden","664"
"Bolt-N","packages_apps_Eleven","1975"
"BombusMod","BombusMod","4382"
"BookifyUdL","BookifyApp","571"
"BoomYan","Leader","541"
"BrainScreame","QA_VK","4642"
"Breeding-Insight","brapi","3858"
"BrentonPoke","NationalWeatherServiceClient","679"
"BrentonPoke","ToornamentClient","877"
"Brians200","cis520","70"
"BugBash-Test","aws-toolkit-eclipse","4848"
"Bysimeit","POO-Projet","334"
"CAS-ual-TY","GunCus","478"
"CID-team2","eda-server","208"
"CMPUT301F21T43","CMPUT-301-Project","196"
"CNLab-NTUA","BargainHunt","1012"
"COVESA","franca_ara_tools","666"
"CS480UIC","dbs-healthcare_management_system","212"
"CUTR-at-USF","OpenTripPlanner-for-Android","759"
"CYBAVO","android_wallet_sdk_sample","227"
"CaaMoe","MultiLogin","2116"
"Calvin-L","backup","632"
"CalyxOS","platform_external_microg_GmsCore","4363"
"CalyxOS","platform_packages_apps_Eleven","2713"
"Cannoliopsida","openid4java","998"
"CaptainCoder11","Kotlin-Fuel","31"
"CatkatPowered","kat-server","811"
"CazauxAdrien","PI","273"
"Cesarsk","Android-App-Say_it","930"
"ChaikovskiyV","cafeproject","785"
"ChangWeiTan","UltraFastWWS","572"
"ChanoTW","refactored-funicular","76"
"CheesyGamer77","WardenBots","138"
"ChestsPlusPlus","ChestsPlusPlus","777"
"ChiaChat","jblst","74"
"Choco31415","JavaMediawikiBot","628"
"ChrisNoloc","monjpetstore","202"
"Christina0114","261SoftwareTesing","2935"
"CirclesNyush","Circles_Android","311"
"CityZenApp","AndroidApp","256"
"CleanroomMC","Multiblocked","3102"
"ClearControl","clearcontrol","11840"
"ClearControl","clearcontrol-lightsheet","2914"
"ClearControl","coremem","658"
"Cliabhach","kdeconnect-android","2994"
"CloudReady-JLE","java-jwt","862"
"CloudburstMC","fastutil","2177"
"Coffee-Street","strada","21"
"Colt-Enigma","platform_packages_apps_Eleven","2545"
"Conflux-Chain","java-conflux-sdk","226"
"ConnectorIO","connectorio-addons","2277"
"Cons-MMadrid-PE4593","api-connector-auto-scfe","494"
"ConsenSys","doc.gnark","541"
"ConsenSys","jblst","74"
"CrackedLua","nightlightdim","109"
"CraftbenchMC","Workbench","2675"
"Crazy-Marvin","Flashy","4"
"Crazy-Marvin","VacationDays","17"
"Cruii","bilibili-helper-hub","595"
"CyanogenMod","android_device_sony_yuga","2"
"CyanogenMod","android_packages_apps_Apollo","873"
"CyanogenMod","android_packages_apps_Eleven","1974"
"CyanogenMod","android_packages_apps_Stk","80"
"CyberCastle","PowerBI4J","556"
"CycloneDX","cyclonedx-maven-plugin","129"
"DECOY-DUCK","PS","1175"
"DIT113-V22","group-03","19"
"DJetCloud","djet-codegen","21"
"DKE-Data","agrirouter-sdk-java","863"
"DLR-SC","Overtarget","170"
"DLukin911","mdma","250"
"DNAstack","gatekeeper","343"
"DP-3T","dp3t-sdk-android","1115"
"DP-3T","dp3t-sdk-backend","909"
"DRSchlaubi","mikbot","17"
"DSC-SPIDAL","twister-perf","284"
"DSpace-Labs","SAFBuilder","71"
"Daisuke-Shimada","openid4java","998"
"DanaEliyahu1","Retrivial_IR_Search_Engine","250"
"DanielLefevre","Nantes-1900-Maven","3320"
"DarkAndBlue","ReachDisplayMod","10"
"DataBiosphere","terra-drs-hub","106"
"DataDog","datadog-kafka-connect-logs","199"
"DataDog","java-dogstatsd-client","420"
"DataDog","jenkins-datadog-plugin","770"
"DataDog","jmxfetch","654"
"DataDog","sketches-java","579"
"DataGrip","cassandra-jdbc-driver","256"
"DataGrip","couchbase-jdbc-driver","411"
"DeadmanDungeons","AudioConnect","182"
"Deep-Symmetry","beat-link","822"
"Deep-Symmetry","crate-digger","28"
"DenizenScript","Denizen","38393"
"DerPavlov","Cannons","1942"
"DevK2S","Study_Partner","478"
"Devanw","SoundRecorderOSD","56"
"DeveshModi","gocd-slack-build-notifier","153"
"DevonFruck","sysc3303_elevator","261"
"DiegoCatalano","Catalano-Framework","4296"
"Dilloid","sem-group-17","89"
"DingGGu","m16chat-android","159"
"DirtyUnicorns","android_device_sony_yuga","2"
"DirtyUnicorns","android_packages_apps_Apollo","861"
"Douzal","JpetStore","202"
"Drjacky","ImagePicker","8"
"DuckyCrayfish","hourglass","294"
"EURAKNOS","Saf-Builder","71"
"EWEN14","cfa-vaadin","459"
"EarthEngineering","java-earth","21913"
"EggPixel","SpigotBuilder2","13081"
"EnMuhammad","location","60"
"End-Tech","banana_mod","6"
"EngineHub","EngineHub-Bot","480"
"EngineHub","WorldGuard","5547"
"EniacHome","AlarmService","339"
"Entertech","Enter-AffectiveCloud-Android-SDK","53"
"Ermahgawd","bo","30"
"Error-Remittance","backend","403"
"Escanor767","briar","26050"
"EuroCRIS","CERIF-TG-Tools","167"
"EuroCRIS","openaire-cris-validator","96"
"EventFahrplan","EventFahrplan","1944"
"Evervolv","android_packages_apps_Apollo","862"
"Exodus-Privacy","exodus-android-app","210"
"ExpressoTech","Project-Expresso","158"
"F1-C0D3","MANETRoutingInstance","647"
"FRANKSTEIN11","SchoolManagementSystem","321"
"FRCTeam3182","FRC2016","328"
"FRCteam4909","2021-DiffSwerve","302"
"FWest98","Discipul-Android","656"
"FYE237","Briar-UDPCall","29477"
"FabricMC","fabric-example-mod","5"
"FabricMC","fabric-loom","2681"
"FahimFBA","OOP-FBA-Notes-of-Dewan_Farid_Sir","103"
"FantLab","FantLab-Android","466"
"Fedict","dcattools","852"
"FelixEnghofer","pdfview","282"
"FettLol","fettlol-lib","56"
"Fitbit","bitgatt","364"
"FlareROM","android_packages_apps_Eleven","2545"
"FlokoROM","packages_apps_FlokoSettings","1792"
"FousseynouSakho","pipeline","203"
"Fox2Code","FoxMagiskModuleManager","615"
"FreshROMs","android_packages_apps_FreshNxtServices","312"
"Frontear","Infinity","636"
"FundingCircle","jackdaw","9"
"FuriKuri","aspgen","875"
"Fusion-Rom","android_packages_apps_Eleven","1869"
"G3G4X5X6","ultimate-cube","1914"
"GPCN","platform-public-distributions","5"
"Gamma-Y","2021-08-otus-spring-Smirnov","469"
"GerritCodeReview","gitiles","553"
"GerritCodeReview","plugins_go-import","16"
"GerritCodeReview","plugins_heartbeat","20"
"GerritCodeReview","plugins_its-base","448"
"GerritCodeReview","plugins_quota","136"
"GerritCodeReview","plugins_rate-limiter","26"
"Ghost-chu","QuickShop-Hikari","9681"
"Gikabu","Tusky","2693"
"GitMessengerBot","GitMessengerBot-Android","8"
"GladeRom","android_packages_apps_Eleven","1869"
"GlazeOS-devices","device_sony_odin","2"
"Gmugra","net.cactusthorn.config","1396"
"GoogleCloudPlatform","dlp-dataflow-deidentification","655"
"GoogleCloudPlatform","grpc-gcp-java","2939"
"Govardhan-999","cracking-the-coding-interview","2828"
"Grandlembadon","Java-Interviews","2828"
"GrapheneOS","Auditor","330"
"GrapheneOS","Camera","125"
"Guanda","LeetcodeOnlineJudge","880"
"H-SE-1-8D-2022","PROJ1","357"
"HATEM-CHAABINI","DEVils-3A3","392"
"HVA-FRC-3824","2014_Competition_Robot","755"
"Hack23","sonar-cloudformation-plugin","494"
"Hakky54","log-captor","169"
"Hakky54","sslcontext-kickstart","1534"
"Han153653","kdn251","2828"
"Hanghae11-FinalProject","Back-end","795"
"Hannas-Collection","PMI-HAPI-FHIR-Backend","458"
"Happy-sc","Doris-api","2"
"HashSplit4J","hashsplit-lib","310"
"Health-Education-England","tis-revalidation-recommendation","926"
"Heamanthkumar","jenkin-ubuntu","198"
"Hectorxda","MySettings","998"
"Hellybean","android_packages_apps_Apollo","872"
"Hemanthvinayac","JPetStore","198"
"HexagonNico","HexagonEngine","960"
"HexagonRom","android_packages_apps_Eleven","1975"
"HiRoS-neko","ShadeSmear-Jetbrains","14"
"HighLvl","VKR","37"
"Hilligans","Ourcraft","5084"
"Holotova","First","525"
"Homework-Studios","JavaEngine","344"
"HoneyHyeok","jarjar","563"
"HubSpot","NioSmtpClient","350"
"HubSpot","Rosetta","391"
"HubSpot","jackson-datatype-protobuf","316"
"IDE4edu","interactive-self-assessment","14346"
"ILoveLin","iEndoPlus","1373"
"IVCTool","IVCT_TestSuiteDevelopment","166"
"IVCTool","TS_HLA_BASE","260"
"Inactionware","uapi.base","639"
"InfinitiveOS-Devices","device_sony_yuga","1"
"InfinityLoop1309","NewPipeExtractor","773"
"Infusion-OS","android_packages_apps_Eleven","1865"
"Infytools","testproject","198"
"Injent","MIS-App","828"
"InsanePhin","bellbell_plugin","22"
"InseeFr","Trevas","1170"
"Intense-M","packages_apps_Apollo","862"
"Intense-M","packages_apps_Eleven","1869"
"IrisShaders","Iris","4282"
"ItzSomebody","radon","3615"
"JAvillarreal07","kamoNduck","135"
"JLLeitschuh","ktlint-gradle","1"
"JSQLParser","JSqlParser","3460"
"JSwingRipples2016","jswingripples","693"
"Jaiglissechef-i9100","android_packages_apps_Apollo","881"
"JakeWharton","timber","190"
"Jakkaphan-Chalongdej","line-bot-sdk-java","1586"
"JaneliaSciComp","jacs-compute","2356"
"JarvisCraft","padla","1183"
"JarvisPongSky","java-enhancement-kit","1797"
"JavaMoney","jsr354-api","3935"
"JavaMoney","jsr354-ri","3488"
"Javapengyuyan","leetcode","1283"
"Jeansding","interviews-java","2828"
"JeffersonLab","xmsg-java","1142"
"JegalEun","Algorithm_JAVA","145"
"JetBrains","gradle-intellij-plugin","92"
"JetBrains","intellij-platform-plugin-template","14"
"JetBrains","jediterm","2434"
"JetBrains","teamcity-hashicorp-vault-plugin","93"
"JnariyaInnov","HereApp-payment-Calling-async-http","1379"
"Joaodss","TradeIn-Website","221"
"JodaOrg","joda-money","603"
"JodaOrg","joda-time","3125"
"JoeIaquinto73","SampleWebAccessAndroid","1448"
"Jorch72","ForestryMC","5541"
"JuKu","mmo-game-client","479"
"K3-L6","gs-serving-web-content","11"
"KISH-students","KISH_server","482"
"KVostok","RestaurantRatingSystem","399"
"Kaned1as","NoLife-Player","1058"
"KaylaineFragoso","Generation_Brazil-Exercicies","4"
"Kentico","kontent-java-packages","909"
"KeyJ148","TOW","3720"
"Kieaer","Essentials","2480"
"KingsleyChung","Android_Mid_Term","53"
"Kirito-JZP","Wayfinding","398"
"Kiru100","Capstone","298"
"Kmrobb","Kaden","121"
"Kovalevskyi-Academy","Zeus","381"
"Kovalevskyi-Academy","testing-framework","223"
"KovuTheHusky","dynmap-structures","88"
"Kraisie","SeriesTracker","870"
"KronicDeth","intellij-elixir","12433"
"Kryniowesegryderiusz","KGenerators","1014"
"KuguHome","openhab-binding-wmbus","773"
"Kyash","validatable-textinput-layout","10"
"KylinUI","android_packages_apps_Apollo","861"
"KyoriPowered","adventure-platform","1384"
"L4mb0","Address-group-ii","306"
"LFC6times","Fabric-NMTQ","17"
"LUISURBM","cassandra-astrax","529"
"Lacerte","clima","4"
"LarWong","Casa-de-Java","9"
"LeeHuiJu","Algorithm","299"
"LeoFalco","Cep4j","350"
"LieAlbertTriAdrian","TubesAI2","116"
"Lilyl03","JavaLvl1","684"
"LinWanCen","show-comment","294"
"LineageOS","android_packages_apps_Eleven","2713"
"LinkRulz","jfeaturelib","1074"
"LinuxForHealth","hl7v2-fhir-converter","2762"
"LiuWk","nepenthe","172"
"Lizard-Of-Oz","Inventorio","194"
"LogSentinel","logsentinel-java-client","721"
"LorenzoBettini","javamm","544"
"LorenzoBettini","jbase","249"
"LuffyCMonkey","java-stellar-sdk","1075"
"LukasMirbt","calendar","2"
"LukeLR","TGPro","565"
"Lummy86","interviews","667"
"LupoBot","LupoBot","894"
"MCImaginarium","Thermos-Bukkit","5334"
"METAcraft-KTH","wilderness-loot-spawn","68"
"MGrin","p2p-mapreduce","968"
"MSU-CS3250-DreamTeam","Database","427"
"Machine-Maker","Paper-Merged","23035"
"Madara9744","feign","1994"
"Madara9744","scribejava","3989"
"MadhavSaladi","android_packages_apps_Eleven","1982"
"MalluOS","android_packages_apps_Eleven","2611"
"ManatiCR","manati-vm","2"
"Manojtuguru","artifactory-java-client","1487"
"Mantouidev","k_packages_apps_Apollo","861"
"Marcono1234","codeql-java-queries","91"
"MariiaMik","myJpetStore","202"
"MarkL4YG","confort","245"
"MartinSteffen","pest","1962"
"MartyAlana","OpenPixelmon","732"
"Matthew-Han","leetcode","2276"
"MatthewSzarek","mp1","3122"
"MayMeow","miyuki-mastodon","2883"
"Meaglin","Buck---It","3623"
"Meeds-io","meeds","32"
"Mercateo","rest-schemagen","613"
"MewX","light-novel-library_Wenku8_Android","1685"
"MiSuryawanshi","CI_PIPELINE_POC","224"
"MichaelRocks","paranoid","39"
"MiniDNS","minidns","2691"
"MixinNetwork","bot-api-kotlin-client","57"
"MoKee","android_device_sony_odin","3"
"MoKee","android_packages_apps_Apollo","889"
"MoKee","android_packages_apps_DeskClock","1133"
"MoKee","android_packages_services_Telephony","572"
"MobileApps-Cascadia","pollinator-pathway-android","369"
"ModernGamingWorlds-Mods","Wooden-Utilities","271"
"Moesif","moesif-servlet","127"
"MovingBlocks","TerasologyLauncher","1500"
"MrMicky-FR","WorldEditSelectionVisualizer","542"
"MyEssentials","MyEssentials-Core","982"
"MyEssentials","MyPermissions","338"
"MyEssentials","MyTown2","6795"
"NEWBEE108","interviews","832"
"NLPchina","elasticsearch-analysis-ansj","274"
"Nastel","TNT4J","3046"
"Neamar","CineTime","590"
"NeoSOFT-Technologies","search-as-a-service-egress-clientlib","326"
"Neolas67","Group14App","259"
"Netflix","Priam","4052"
"Netflix","astyanax","5028"
"Netflix","dgs-codegen","21"
"Netflix","zuul","2388"
"NextFire-n7","yuru-new-horizons","555"
"NijeboerFrank","presto-tezos","448"
"NimitzDEV","android_packages_apps_Apollo","879"
"Nirzak","Bitcoin-Price-Prediction-Using-Machine-Learning","2828"
"NoahBres","MeepMeep","7"
"NordicSemiconductor","Android-BLE-Library","1113"
"NordicSemiconductor","Android-nRF-Mesh-Library","8112"
"Nuku","Flexible-Survival","1"
"Nursultan25","interviews","2828"
"NynkevK","TOSAD2017","438"
"OlehKSS","automatedMassDetection","20"
"OmniLayer","OmniJ","925"
"OneBusAway","onebusaway-android","3390"
"OneBusAway","onebusaway-gtfs-modules","1778"
"Oni-Men","ExtendTheLow","316"
"OpenAPITools","openapi-diff","1253"
"OpenGamma","Strata","37396"
"OpenHFT","Chronicle-Threads","1114"
"OpenHFT","Java-Runtime-Compiler","103"
"OpenHFT","Zero-Allocation-Hashing","175"
"OpenJML","Specs","15"
"OpenLiberty","guide-kubernetes-microprofile-config","103"
"OpenLiberty","guide-microprofile-opentracing-jaeger","283"
"OpenLiberty","guide-microprofile-reactive-messaging-acknowledgment","229"
"OpenLiberty","guide-rest-intro","26"
"OpenLiberty","guide-security-intro","357"
"OpenSilk","Orpheus","11218"
"OpenTracksApp","OSMDashboard","357"
"OpenZoo","zima","908"
"OrangeWallet","orange-wallet-mobile","2"
"OyaToshiki","LineChatBot","1303"
"PAC-ROM","android_packages_apps_Eleven","1967"
"Pamelloes","SpoutPluginAPI","2322"
"PaperMC","Paper","10"
"ParasKumar","jfeaturelib","1075"
"PascalDierich","PopularMoviesStage2","634"
"PasqualeMoramarco","Open-Liberty_poc","266"
"PatilShreyas","NotyKT","1"
"Pattriarch","sfg-pet-clinic","158"
"Payal-Setiya","junit-plugin","645"
"Peter-Maguire","Superstore-Tycoon","443"
"PeterGorlov","github-homework","541"
"PhillMue","VidView","890"
"PiotrR","amu_automata_2011","2940"
"PiyushMishra","jarjar","563"
"PlaceholderAPI","PlaceholderAPI","898"
"PlayBoyFly","modelmapper","1902"
"PlytonRexus","silver-spork","151"
"PokeMate","backend","223"
"Polynomeer","ProblemSolving","541"
"PouriaYazdani","ApMiniProject","479"
"Pragmatists","city-office-numbers","461"
"Praqma","memory-map-plugin","415"
"ProAndroid-Firmwares","packages_apps_Eleven","1975"
"ProNoob1029","FTC-Freight-Frenzy-Scorer","147"
"ProgAndAndWebDev","NewPipe","5913"
"Project-Will-Pub","jpubspec","194"
"ProjectMAXS","maxs","2060"
"ProjectNewWorld","android_packages_apps_Eleven","1975"
"ProyectUmbrela","AppIHunt","2"
"PtitNoony","timelinefx","450"
"Pyalicious","a1","3998"
"Pyalicious","aaaa","4094"
"QuantumBadger","RedReader","5423"
"RHEcosystemAppEng","rhpam-deployment","3"
"RS485","LogisticsPipes","22748"
"RSchuri01","globalPlatformPro","1094"
"Rahul-Kaura","AutoRoutine","203"
"Ramananaidu","Kubernetes-DokcerImage-Push-ACR","2368"
"RanolP","RatTranslate","331"
"Raphoulfifou","CyanLib","13"
"Rasika-Deodhar","LeetCode","163"
"Rasmus-M","magellan","360"
"Razor-Developers","android_packages_apps_Apollo","862"
"ReactiveX","RxAndroid","1056"
"RedHatQE","ssh-tools","341"
"ReeceASharp","Shridoop","669"
"RestComm","jain-sip","1234"
"RestComm","jain-sip.ha","734"
"RestComm","sipunit","408"
"RetroMusicPlayer","RetroMusicPlayer","4205"
"RevenueCat","purchases-android","473"
"RevenueCat","purchases-flutter","96"
"RobMandelings","RuneliteFullScreen","23898"
"Roka0304","Ronny1","275"
"Roshan-Dehankar","JAVA","88"
"Rothes","ProtocolStringReplacer","971"
"RurioLuca","PermissionManager","86"
"RxReader","tencent_kit","26"
"Rxyanlaw","Java-Decompiler","8687"
"RyukerLiu","heroku-line-bot","2088"
"SAKTHISIVANI18","sonarcoverage","202"
"SAKTHISIVANI18","sonarserver","202"
"SHANMUGASUNDARAMCR","Jpetstore","250"
"SI3P","supWSD","589"
"SOBotics","UserStalker","155"
"SOKP","packages_apps_Eleven","1865"
"STAMP-project","authzforce-core","2301"
"SURA907","sura-test-svg","309"
"Sage-Bionetworks","MindKind-Android","507"
"Sage-Bionetworks","Synapse-Repository-Services","24560"
"Sage-Bionetworks","synapse-login-scipool","191"
"Saico1337","runelite","24761"
"SaltyNote","saltynote-service","467"
"Samarium150","StructuresCompass","157"
"SapuSeven","BetterUntis","93"
"SarthakKeshari","Java-Questions-and-Solutions","320"
"SayaliPatiil","newpipee","5994"
"SayaliPatiil","remotescan1","2137"
"ScreamingHawk","fate-sheets","272"
"SeMoNeX","Naruto","345"
"SeaWithHill","itext7","22479"
"SeasideSt","Seaside","42"
"SebastianKotewitz","FlutterBlueEmptyFilter","176"
"SebastianKotewitz","FlutterBlue_background","175"
"SelimHorri","atic-backend-app","585"
"SenshiRoll","Instant-sorting-fix","27"
"SerCeMan","jnr-fuse","254"
"Shai-SAST","Easybuggy","928"
"Sharushanker","interview-tips","832"
"ShehanAT","AndroidMiniProjects","124"
"ShengJun-Yu","studyProjects","344"
"Shmily-GLJ","influxdb","1196"
"ShoOgino","jgitFile","948"
"ShoOgino","poiFile","40014"
"Shrenil19","BrainyPhonics","75"
"ShubhankarKG","FlutterTutorial","25"
"Shumuganathan","Test","252"
"SiX-ROM","platform_packages_apps_Eleven","1975"
"SiXROM-OREO","packages_apps_Eleven","1975"
"SiggiIO","NBTTool","786"
"SilverBlog","silverblog_android","473"
"SimpleAppProjects","SimpleWear","265"
"SimpleMobileTools","Simple-App-Launcher","6"
"SimpleMobileTools","Simple-Draw","159"
"SimpleMobileTools","Simple-Gallery","578"
"SkinsRestorer","SkinsRestorerX","3933"
"SlimRoms","device_sony_yuga","3"
"SliverySky","jsoup_fix","2402"
"Slowpoke101","FTBLaunch","4122"
"Sma1lboy","Leetcode","241"
"SonarSource","sslr","10249"
"SongXueZhi","derby","20176"
"SonicCloudOrg","sonic-server","2179"
"Spark-Rom","packages_providers_DownloadProvider","213"
"Spikes-2212-Programming-Guild","SpikesLib2","837"
"SpongePowered","Sponge","65242"
"SpoutDev","Vanilla","26901"
"SpringOnePlatform2016","spring-data-gemfire-in-action","254"
"Stealth-Robotics","Stealth2022","654"
"Stefan-Humpelstetter","sem","246"
"StevenChina","HikariCP","4189"
"SteversIO","appengine-springboot-gradle","322"
"StoriqaTeam","wallet-android","31"
"Strandber9","spring-boot-starter","664"
"Sublimis","UrbanBiker","8"
"Sulfurixar","brewery","52"
"SulochanaGali","jenkinsdeclarative","645"
"SunitRoy2703","Tensorflow-lite-kotlin-samples","15"
"Sup456","Minecart","306"
"SuperRonanCraft","BetterRTP","1533"
"SureshKumar-98","suresh","11"
"SwiftlyAside","NormalPlayer","251"
"TBog","TBLauncher","2411"
"TEAM-RAZOR","packages_apps_Eleven","1869"
"TMRGZ","TFG-Radar-COVID-Android","537"
"TOGoS","ContentCouch3","717"
"TP101356","notes","534"
"TR-TECH-GUIDE","Apktool","4922"
"TRINK8T","packages_apps_Eleven","2711"
"TabooLib","chemdah","3"
"Team488","SeriouslyCommonLib","2339"
"TeamEOS","packages_apps_Eleven","1866"
"TeamGlade-Devices","android_device_sony_yuga","1"
"TeamHorizon","android_device_sony_odin","2"
"TeamOpenIndustry","ImmersiveRailroadingIntegration","137"
"TeamOpenIndustry","UniversalModCore","1589"
"TecCheck","TG-Vertretung","634"
"TechReborn","RebornCore","6984"
"Terasology","Hunger","135"
"Terasology","Sample","377"
"TeslaProject","device_sony_yuga","1"
"TheBlackEntity","ServerSystem","1142"
"TheBlueKingLP","craftbukkit","11960"
"TheCount","pairs","137"
"TheHolyWaffle","TeamSpeak-3-Java-API","1392"
"TheMarstonConnell","randomlootmod","731"
"ThePeak-MC","SpongeForge","4661"
"ThePrez","DCM-tools","225"
"TheRoddyWMS","BatchEuphoria","167"
"TheRoddyWMS","RoddyToolLib","31"
"TheSpeedCubing","speedcubingLib","355"
"TheTimeWalker","wallpanel-android","311"
"ThomasShelbyPB","EVCode","15"
"ThomasShelbyPB","Mentalhelathrepo","15"
"Thonk-Bot","Thonk-Java","297"
"ThreeTen","threeten-extra","1150"
"ThunderRate","KOLNETWORKS","99"
"TianlongZhang0625s","HAP-Java-learn","1476"
"TigerBeanst","RnOpenGApps","121"
"TimothyRParkin","silver-chainsaw","30"
"TinkerBoard-Android","external-apache-commons-bcel","7136"
"TinkerBoard-Android","external-apache-commons-compress","4805"
"TinkerBoard2-Android","external-apache-commons-bcel","7136"
"TinkerBoard2-Android","external-apache-commons-compress","4805"
"Tino-FRC-2473","Calgames2016","248"
"TipsyOs","packages_apps_Eleven","1965"
"TitaniumOS","packages_services_Telephony","75"
"Tnrdlyz","BILIBILI-HELPER","424"
"Toba999","MedicineReminder","482"
"Toinane","cakeisalie","120"
"TomatoZ7","notes-of-tz","137"
"TomerFi","alexa-skill-shabbat-times","2670"
"TonyHuiHUI","localTest","267"
"TorrentStream","TorrentStream-Android","181"
"TownyAdvanced","TownyCombat","226"
"TravisPhey","Address-book-level-2A","261"
"Treasurez","interviews","2828"
"Tristan971","EasyFXML","1401"
"Trylobot","ss-sc2","93"
"TylerKirby","ted-talk-demo","432"
"UBCh","daliveryCart2","12"
"Undin","2021.3-tests-plugin","14"
"UnleqitQ","Steckbrief","318"
"V-hofman","NoviBootCamp","101"
"VRToxin","android_packages_apps_Eleven","1883"
"Vedenin","useful-java-links","597"
"VersoBit","WeatherDoge","194"
"Vichoko","distribution-sweep","224"
"ViolinRobot","drone_world_JISt","205"
"Vitstark","1st-Semester-Project","104"
"Vladimir-Sluchko","ProjectJava","257"
"VladimirCakic","CEMS","2595"
"Vonage","vonage-java-sdk","4175"
"WBHS-Botcats-3653","2022RapidReact","1237"
"WISVCH","payments","196"
"WIStudent","FreifunkAutoConnectApp","168"
"WalletConnect","WalletConnectKotlinV2","2"
"WasiqB","coteafs-selenium","312"
"WeBankBlockchain","WeCross-BCOS2-Stub","900"
"WeBankBlockchain","WeCross-Java-SDK","764"
"WeatherGMu","WeatherProject","216"
"Werri","craftbukkit","11812"
"WestwoodRobotics","FRC-2022","471"
"Wheellog","Wheellog.Android","977"
"Whidou","RSS-Pion","266"
"WorksApplications","Sudachi","1659"
"XPerience-AOSP-Lollipop","android_packages_apps_Apollo","862"
"XPerience-AOSP-Lollipop","android_packages_apps_Eleven","1874"
"XRPLF","xrpl4j","3101"
"XakepSDK","ruKit","6904"
"Xeloboyo","DungeonsUnleashed","381"
"Xiaxianglei","spring","1973"
"XoplaxOS","android_packages_apps_Eleven","1869"
"YeshiwasT","leetCode","248"
"YoiEkjcU","mybatis-spring","2288"
"YuYangWoo","P-Project","32"
"Zachac","RepeatRecipe","29"
"Zahlii","Semantic-Web-Question-Answering","706"
"ZeusWPI","Tappb","559"
"Zialus","LP-Snake","106"
"Zialus","LP-mED","206"
"Zialus","SD-DistributedFileSystem","263"
"Zlika","reproducible-build-maven-plugin","165"
"Zoiazakharova","JavaProgrammingBatch25","940"
"a13922831002","bilibili-","410"
"a8s287","LINE","2049"
"aadnk","ProtocolLib","4924"
"aafwu00","netflix-evcache-spring","923"
"aaroncolaco","java-assignments","66"
"aatxe","Ultimate-Ascent","391"
"ab-10","Hawk","266"
"abelgomez","tt-rss-android","2856"
"abhirocks1211","AndroidViewAnimations","312"
"abhishek97s","Interview-Preperation","2828"
"ably","ably-asset-tracking-android","129"
"acmerobotics","road-runner","2"
"acrylic-style","CraftBukkit","12448"
"adafruit","Bluefruit_LE_Connect_Android_V2","336"
"adamAllaround","Booking","502"
"adamarla","documentMaster","408"
"addisonElliott","SegmentedButton","269"
"addx-open","android-demo","416"
"adoptium","temurin-build","36"
"adorsys","keycloak-config-cli","2365"
"aeduin","mc-mod-alchemists-dream","21"
"aerospike","aerospike-client-java","5712"
"agatti","SleighIDEA","185"
"agiledevday","add2012","292"
"agonyforge","arbitrader","583"
"agorapulse","grails-aws-sdk","4"
"agustin-golmar","Multitier","18"
"ahjsrhj","NotCowLevel","10"
"aint","octopus-autoconfiguration","110"
"airen3339","jadx","8901"
"airlift","slice","348"
"aiven","commons-for-apache-kafka-connect","214"
"aiven","gcs-connector-for-apache-kafka","516"
"aiven","prometheus-exporter-plugin-for-opensearch","146"
"ajiuaInigo","reto6","4691"
"akalini","grpcbridge","238"
"akilinomendez","flutterPlugins","521"
"akshithahm","jfeaturelib","1074"
"alcides","JParCompiler","298"
"ale-f","big-red","3532"
"alejandragillet","Prog-III","352"
"aleksanderwozniak","table_calendar","2"
"aleofreddi","timel","1125"
"alessandroargentierimilkman","day-of-datomic","4"
"alexandre-holzhey-sonarsource","java","1034"
"alexengrig","lambdax","540"
"alexengrig","metter","773"
"alexfays","Test","2282"
"alexmojaki","quiggles","1"
"alexprut","Algo","561"
"alibaba","one-java-agent","257"
"alibaba","simpleel","689"
"alichamouda","jsoup","3319"
"alichamouda","jsoup-final","3540"
"aliwo","SoundTest","177"
"allegro","tradukisto","334"
"allure-framework","allure-gradle","112"
"allure-framework","allure-maven","91"
"alpha-asp","Alpha","4955"
"alpha-prosoft","HikariCP","4296"
"alvarofmk","rpgdamsurvivor","266"
"amikey","jedis","2384"
"amrjlg","common","2745"
"anamika-infosys","jpetstore","199"
"anatawa12","relocator","51"
"andOTP","andOTP","1498"
"andreoss","etoile","1088"
"android","user-interface-samples","230"
"aneesh98","OpenCV-Android-Projects","285"
"aneonex","BitcoinChecker","1233"
"angryBoxProject","angryBox-BE","500"
"anjandev","public-transport-gitlab","9412"
"anovelle","lab-using-git-gswt31-equipo12-tarde","18"
"ansman","kotshi","4"
"antlibs","ant-contrib","1607"
"antlibs","ant-http","411"
"anunnakian","openid4java","998"
"anwarLazaar","anwar","629"
"ao-apps","ao-payments-test","28"
"ao-apps","ao-servlet-util","451"
"ao-apps","noc-monitor","5"
"ao-apps","pragmatickm-procedure-servlet","62"
"ao-apps","semanticcms-autogit-all","10"
"aosp-mirror","platform_packages_apps_calendar","1516"
"aosp-mirror","platform_packages_apps_contacts","1265"
"aosp-mirror","platform_packages_providers_downloadprovider","212"
"aoudiamoncef","apollo-client-maven-plugin","3"
"apache","accumulo-examples","185"
"apache","airavata-data-lake","1045"
"apache","aries-rsa","4044"
"apache","commons-bcel","8611"
"apache","commons-codec","3601"
"apache","commons-imaging","9176"
"apache","commons-jci","977"
"apache","commons-lang","11350"
"apache","commons-release-plugin","338"
"apache","commons-text","2630"
"apache","directory-server","44596"
"apache","geronimo-txmanager","245"
"apache","httpcomponents-core","25024"
"apache","incubator-teaclave-website","1147"
"apache","jackrabbit-filevault","2060"
"apache","jclouds-labs","24011"
"apache","jclouds-labs-aws","578"
"apache","jclouds-labs-openstack","2482"
"apache","maven-archiver","126"
"apache","maven-artifact-transfer","687"
"apache","maven-changes-plugin","747"
"apache","maven-common-artifact-filters","354"
"apache","maven-deploy-plugin","222"
"apache","maven-doxia-sitetools","868"
"apache","maven-indexer","1181"
"apache","maven-release","2114"
"apache","maven-resolver","5177"
"apache","maven-shade-plugin","738"
"apache","maven-site-plugin","1395"
"apache","mina-ftpserver","6172"
"apache","sling-org-apache-sling-adapter","77"
"apache","sling-org-apache-sling-auth-core","363"
"apache","sling-org-apache-sling-engine","544"
"apache","sling-org-apache-sling-installer-core","883"
"apache","sling-org-apache-sling-jcr-base","206"
"apache","sling-org-apache-sling-jcr-resource","1146"
"apache","sling-org-apache-sling-launchpad-base","309"
"apache","sling-org-apache-sling-resourceresolver","1316"
"apache","sling-org-apache-sling-security","83"
"apache","sling-org-apache-sling-serviceusermapper","145"
"apache","sling-org-apache-sling-servlets-get","204"
"apache","sling-org-apache-sling-servlets-resolver","945"
"apache","sling-org-apache-sling-starter","14"
"apache","velocity-engine","4235"
"apache","velocity-tools","2070"
"apiman","apiman-plugins","717"
"apollographql","federation-jvm","304"
"apple","servicetalk","4616"
"appwrite","demo-getstarted-with-android","2"
"aptful","DB_aptful","66"
"ariejan","slick2d","2416"
"arno-hart","owntracks_android","4732"
"arpinum","arpinum-graine-api","686"
"artem-pvl","AndroidTasks.old","2"
"artfultom","vecenta","999"
"as81397333","Interview-Notebook2","44"
"as81397333","interview","2681"
"ascheman","ansible-inventory-java","158"
"asciidoctor","asciidoctor-diagram-java","84"
"asd383","PB","3503"
"ashraghunath","Github_search_engine_play_websockets","214"
"ashu2902","RebertTech","2"
"ashwanthkumar","gocd-slack-build-notifier","182"
"asksven","BetterBatteryStats","462"
"asolfre","android-apktool","2897"
"aspose-words-cloud","aspose-words-cloud-java","19078"
"asteinig4018","mhacks11","59"
"astrolin","ephemeris","288"
"atdl4j","atdl4j","1258"
"atoulme","orion-old","643"
"austintaing","hw2","3103"
"auth0","Lock.Android","3756"
"auth0","auth0-java","1989"
"auth0","auth0-java-mvc-common","201"
"auth0","auth0-spring-security-api","73"
"auth0","java-jwt","1093"
"auth0","jwks-rsa-java","167"
"authzforce","server","129"
"auxBosque","fhir","488"
"avienda1","avienda1-dev","10515"
"avinash-bollepalli","new-repo","2164"
"avinashmunguricb","mylineapp","1388"
"aws","aws-encryption-sdk-java","622"
"aws-cloudformation","cloudformation-resource-schema","104"
"awwong1","gogui-code","10501"
"ayush181000","Java-DSA","189"
"babangburik","mcohen01","1"
"banasiak","CoinFlip","160"
"bardsoftware","ganttproject","44607"
"basilkohler","darep","577"
"bathin-dev","line-test-thinnb","2185"
"batterseapower","mdbi","474"
"bazaarvoice","curator-extensions","298"
"bblwbtd","CoronaPluginsReforge","4"
"bcap","DHT","568"
"bdoubleu86","plugins","550"
"bdunnagan","XidgetSwing","373"
"beanshell","beanshell","2678"
"beesightsoft","bflutter","2"
"belaban","JGroups","31710"
"bellshade","Java","580"
"ben-gibson","GitLink","757"
"benjaminSchilling33","congress_fahrplan","3"
"bharathmit","SpringCloud-MSA","230"
"bichosfelinos","dev-master","273"
"bigcoder84","mybatis-spring-source-annotation","2060"
"binwiederhier","ntfy-android","9"
"biodiv-platform","biodiv-cca","516"
"biojava","biojava-legacy","1945"
"bitbill","merchantApi","12"
"bitwig","bitwig-extensions","2693"
"bjuvensjo","intellij-settings","1"
"blackblather","TP-AMov","312"
"blanksblankss","guava","1072"
"blezek","nifi-dicom","665"
"bluemind","amu_automata_2011","2757"
"bluesoft","bee","7"
"bocchino","DPJ-UR","538"
"bocilmlumpat","mcohen01","1"
"bontric","Tipe-Keyboard","286"
"box","box-java-sdk","1868"
"braintree","popup-bridge-android","114"
"bramhome5848","Algorithm-LeetCode","669"
"brandongallagher1999","McEmployees","176"
"brandongallagher1999","Muse-Projects","14"
"brettwooldridge","HikariCP","4274"
"brevilo","jolm","106"
"briandilley","joraph","453"
"briandilley","jsonrpc4j","684"
"bric3","drain-java","171"
"bric3","fireplace","470"
"bucket4j","bucket4j","5083"
"bunker-inspector","jackdaw","9"
"bunnyblueair","AdGuardForDNSMasq","197"
"burningwave","tools","347"
"burtcorp","athena-jdbc","535"
"burtcorp","jmespath-java","1734"
"bvyas76","flutter_ble","163"
"bwkimmel","jmist","9205"
"bytebeats","base-android-utils","55"
"bytedeco","javacpp","1671"
"c-rack","cbor-java","718"
"cachewolf","cachewolf","11833"
"caelum","restfulie-java","1106"
"camsam132","cautious-spoon","8"
"camsys","nyct-rt-proxy","292"
"camsys","onebusaway-gtfs-modules-flex2","1656"
"cancan101","aFitness","84"
"capicarbone","OldQuotesBook","422"
"carl503","Vorwahlen-Applikation-Backend","1346"
"carlphilipp","chicago-commutes","4881"
"carlpoole","nativeclient-android-thirdparty","162"
"casey-c","FilterTheSpire","340"
"cbeust","jcommander","1011"
"cbeust","sixty","2"
"cdd","bioassay-template","1057"
"cdhrobotics","2022Sesame_2450","340"
"cederberg","mibble","1084"
"centernine","EE-Extension-web3js","260"
"cettia","asity","417"
"cf-testorg","guava-test","1072"
"ch0213","admin-site-server","718"
"changwng","spring-hateoas_1.4.0.2.PLUS","4083"
"charithe","kafka-junit","85"
"chathurawidanage","CS4262-Project","276"
"chengyuxing","rabbit-common","461"
"chenjiazhan6","interviews","2828"
"chentaocc","AndroidViewAnimations","312"
"cherishsince","test","78"
"chilyashev","CrossbarSwitchBinaryHyperCube","458"
"cholojuanito","family-map","685"
"choral-lang","choral","3412"
"chorobaev","mesh-exam","3"
"chovanecm","snow-script-sync","450"
"chrisdennis0913","Vooga-Framework","1153"
"christoph-ding","tdd-tetris-tute","431"
"chriswosnyder","jadx","9123"
"chteuchteu","Blurify","135"
"cismet","belis-client","2258"
"cismet","verdis","1751"
"cjwizard","cjwizard","180"
"clearmatics","neodizk","766"
"clj-commons","clj-yaml","5"
"clj-kondo","clj-kondo","1"
"clojure","core.async","11"
"clojure","core.typed","72"
"clojure","tools.deps.alpha","6"
"cloudregistry","EPP-Launch-Phase-Extension-Specification","8"
"clusterbench","clusterbench","353"
"cnieh49","QM-21-22","176"
"code-with-the-italians","bundel","8"
"code7Z","ickz","2192"
"codehaus","mevenide","13919"
"codehaus-plexus","modello","4871"
"codehaus-plexus","plexus-archiver","1040"
"codehaus-plexus","plexus-components","3277"
"codehaus-plexus","plexus-containers","5579"
"codejsha","application-examples","417"
"coderlss","guava","1072"
"codesearch-github","codesearch","5018"
"codice","imaging-nitf","3054"
"coding-blocks","CBOnlineApp","44"
"cognitect","transit-java","1011"
"collinjackson","firebase-dart-old","14"
"commercetools","commercetools-project-sync","758"
"companieshouse","payments.web.ch.gov.uk","150"
"comtel2000","jfxvnc","542"
"conda-forge","trio-util-feedstock","3638"
"configcat","android-sdk","308"
"configcat","java-sdk","423"
"confluentinc","kafka-connect-storage-common","548"
"confluentinc","rest-utils","466"
"congomongo","congomongo","10"
"consulo","consulo-devkit","2312"
"consulo","consulo-groovy","7321"
"consulo","hub.consulo.io","1575"
"copyonwrite","maven-shade-plugin","735"
"corona-warn-app","cwa-app-android","22"
"corona-warn-app","cwa-server","3026"
"corona10","Vert.x_ToDo","28"
"coursera","metrics-datadog","197"
"cristianmihaicristea","guava","1072"
"cromewar","flutter2","3"
"cronn","cucumber-junit5-selenium-example","52"
"crossmob","cmmanager","869"
"crowdin","crowdin-cli","1702"
"cs203t10-ryverbank","ryver-auth","219"
"ctabin","jotlmsg","78"
"ctooley21","Snapsey","48"
"cugxyy","jfeaturelib","1074"
"cyrax111","testauth","468"
"da0hn","webflux-sandbox","233"
"daadestroyer","java","84"
"dadduedo","dockerprova","2168"
"daimajia","AndroidViewAnimations","314"
"dakrone","cheshire","7"
"daniel1506","StarWars2020","138"
"danielVelasc","velocityClock","254"
"danielnorberg","auto-matter","753"
"danieloginski-bb","github-actions-demo","6"
"danielrcollins1","Arena","425"
"dantonioangela","EzShop","300"
"danubhupi","CNJAVA","163"
"darioielardi","flutter_speed_dial","1"
"davetao","HolographLibrary","236"
"davidheryanto","java","334"
"davidmc24","gradle-avro-plugin","338"
"ddean2009","learn-netty4","566"
"ddean2009","learn-springboot2","163"
"debesheedas","MyMargdarshaka","269"
"decorators-squad","eo-yaml","1991"
"dedis","kyber-java","2095"
"deekshith007gowda","gradle","2018"
"deepakpanda1","dev","198"
"dekermann","DrinkApp","297"
"delphis-inc","delphis_app","2"
"dentmaged","Bukkit","5632"
"derari","miro","3160"
"derari","quid-accidit","1379"
"derfsubterfuge","CSE461","150"
"dergey","auction-backend","532"
"derive4j","derive4j","1076"
"detekt","detekt-intellij-plugin","19"
"detekt","sonar-kotlin","3"
"dev-muuu","Zatch","338"
"developersop","youtubedl","4524"
"deviceinsight","helm-maven-plugin","1"
"dim-blanchard","LPsecurity","697"
"dimovelev","metrics-sampler","1690"
"dinasv","CSBFinder","2253"
"dipjul","Leetcode-Solutions","418"
"divinespear","jpa-schema-gradle-plugin","47"
"divinespear","jpa-schema-maven-plugin","78"
"dkim19375","DkimBukkitCore","81"
"dkorobtsov","LoggingInterceptor","302"
"dlh123","okio","611"
"dlsc-software-consulting-gmbh","PreferencesFX","1898"
"dltmdan92","thisiscodingtest","105"
"dmandalidis","docker-client","2773"
"dmcow","quartz","1723"
"dmgerman","guava","680"
"dmp265","crail-fuse","255"
"docker-java","docker-java","8719"
"dodona-edu","judge-java12","287"
"doerfli","hacked","747"
"doitroot","kubernetes-plugin","1778"
"dong-minkim","JpetStore_SE","354"
"dong706","CorbaDemo","3063"
"donghae0414","jsoup","2210"
"donghongwei-lingo","chewie","1"
"dongkii","Self-Improvement","33"
"dotanuki-labs","norris","4"
"dougkeen","BartRunnerAndroid","485"
"draekko","android_packages_apps_GmsCore_no_expnot","4025"
"drallgood","jpasskit","1213"
"drewnoakes","metadata-extractor","4866"
"dropwizard","dropwizard-kafka","196"
"dropwizard","dropwizard-protobuf","69"
"dropwizard","dropwizard-redis","142"
"drwetter","testssl.sh","1"
"dschanoeh","Kayak","1467"
"dsldevkit","dsl-devkit","1633"
"ducanh3005","do_min","9"
"duytient31","plugins","505"
"duytq94","flutter-chat-demo","1"
"dyskograf","amu_automata_2011","2776"
"dzieciou","curl-logger","201"
"ealden","emersons-game-java","426"
"eaobservatory","observing-tool","7578"
"easymock","objenesis","2289"
"eatpurely","plugins","454"
"eccentricexit","comperio","679"
"eclipse","Xpect","60"
"eclipse","eclemma","554"
"eclipse","gef","16705"
"eclipse","gef-classic","16473"
"eclipse","jkube","6101"
"eclipse","lsp4e","321"
"eclipse","lsp4j","4072"
"eclipse","milo","11671"
"eclipse","transformer","477"
"eclipse","xsemantics","360"
"eclipse","xtext-extras","27470"
"eclipse","xtext-maven","101"
"eclipse","xtext-umbrella","3"
"eclipse","xtext-xtend","9863"
"eclipse-jdt","eclipse.jdt.debug","24798"
"eclipse-linuxtools","org.eclipse.linuxtools.eclipse-build","21"
"eclipse-mirrors","org.eclipse.jdt.debug","24781"
"eclipse-platform","eclipse.platform.debug","26213"
"eclipse-vertx","vertx-tracing","202"
"ecmendenhall","Java-TTT","415"
"eczarny","xmlrpc","37"
"eddturtle","TurtlePlayer","1829"
"edimarvalentin","Meeper","72"
"ef-labs","vertx-cassandra-binarystore","212"
"eincioch","CameraView","2544"
"ejwu","sfh","352"
"ekux44","LampShade","4743"
"elbenj","corpmail","1867"
"electrode-io","electrode-native-manifest","323"
"elixir-oslo","trackfind","1973"
"emacs-lsp","dap-mode","4"
"emeraldpay","dshackle","4"
"emeraldpay","etherjar","1778"
"emilierobichaud1","event-app","193"
"emmods","emcutils","819"
"enegeorge","guava","1072"
"eneim","toro","1754"
"enricocid","Music-Player-GO","509"
"ent-project","ent","880"
"entirej","plugin","3768"
"epirus-io","epirus-cli","1386"
"eranharel","pajamas-proxy","700"
"erda-project","erda-analyzer","614"
"eresearchqut","serverless-search","323"
"eric-erki","-andOTP","1007"
"eric-erki","andOTP","1007"
"erica925","team-generation-project","131"
"erichu2000","TheNonFungible","147"
"ericlin03","intro-bot","2146"
"erikeelde","toggles","592"
"esaulpaugh","headlong","4627"
"esaulpaugh","headlong-android","115"
"esaulpaugh","headlong-cli","167"
"estebanmino","clapp","907"
"etcd-io","jetcd","2932"
"eungjun-yi","learn","14"
"eventeum","eventeum","1738"
"exercism","java","2676"
"fAndreuzzi","TUI-ConsoleLauncher","1316"
"fabiola29298","simop-imt-ucb","172"
"fabric8-analytics","gremlin-docker","1"
"fabric8io","kubernetes-zipkin","6"
"fabriik","xrpl4j","3042"
"failgood","failgood","10"
"failsafe-lib","failsafe","2302"
"fakeNetflix","coinbase-repo-joda-money","536"
"fakeNetflix","indeedeng-repo-job-dsl-plugin","493"
"fakeNetflix","pinterest-repo-secor","813"
"fakeNetflix","square-repo-okio","881"
"fakecoinbase","DreamOfTheRedChamberslashsystem-design","48"
"fakecoinbase","andOTPslashandOTP","1208"
"falzonv","discreet-launcher","928"
"farizamanut","incanter","21"
"fartem","leetcode-java","1927"
"fatosmorina","Algorithmic-Problem-Solving","412"
"fazonbence","Visualization_Assignment1","90"
"federojas","FINAL_POO","263"
"felixoi","sonarqube-community-branch-plugin","977"
"felleslosninger","efm-common","362"
"felleslosninger","efm-dpi-example","984"
"fengyouliang","netty-in-action-sample-code","789"
"ferranastals","console","756"
"ffsouza","jfeaturelib","1074"
"fge","grappa","4168"
"fhircat","FHIROntopOMOP","76"
"fidesmo","fdsm","175"
"filoghost","HolographicDisplays","10221"
"flapdoodle-oss","de.flapdoodle.embed.mongo","2455"
"flapdoodle-oss","de.flapdoodle.embed.process","1026"
"flapdoodle-oss","de.flapdoodle.kfx","25"
"flipkart-incubator","zjsonpatch","275"
"floss50","squid-java","725"
"fluent","kafka-connect-fluentd","124"
"flutter","flutter-intellij","8231"
"fluttercandies","flutter_photo_manager","62"
"flutterchina","dio","5"
"fluttercommunity","backdrop","2"
"fluttercommunity","chewie","1"
"fluttercommunity","flutter_launcher_icons","4"
"flutternetwork","WiFiFlutter","68"
"fmi-faim","fmi-ij2-plugins","152"
"fmtn","a","163"
"fobo66","BookcrossingMobile","531"
"forax","loom-fiber","520"
"forestcontact","signal-cli","2473"
"forge","roaster","2672"
"fornwall","jelf","208"
"fossabot","DadiBot","422"
"fossabot","ExtensionsBukkit","1164"
"fossabot","KnollGewinnt","285"
"fossabot","NotCowLevel","10"
"fossabot","PistonAPI","746"
"fossabot","ash","738"
"fossabot","brapi","819"
"fossabot","geometry-api-java_test","1909"
"fossabot","library","162"
"fossabot","saltynote-service","319"
"fossabot","testra-java-plugins","414"
"fossabot","user_managemant_firstinstance","108"
"foxhoundsk0","openapi-env-testh","3205"
"fppt","jedis-mock","966"
"fr3ts0n","AndrOBD","826"
"franckfaust","InfoVis","483"
"fredericlaurens77","monjpetstore","202"
"freezy","android-xbmcremote","3701"
"freznicek","jaramiko","575"
"funfried","externalcodeformatter_for_netbeans","1044"
"fungiboletus","JTournoi","491"
"fuqi1001","Leetcode","1223"
"gabm","FancyPlaces","270"
"galderz","mendrugo","410"
"ganeshkrishnan1","findmytoilet","148"
"garagepoort","Tubing","629"
"gasstan","testtask","4856"
"gaul","s3proxy","832"
"gautamkb10","NewPipe","5333"
"gauuud","flutter_plugins_google_maps_flutter_ios_bugfix","501"
"gavelproject","gavel","297"
"gazbert","bxbot","2980"
"gboersma","uml-java-doclet","356"
"gbs74","jsoup","2192"
"gelatikmannah","mcohen01","1"
"geoffreywiseman","Moo","595"
"geographiclib","geographiclib-java","322"
"gesofts","netty-socketio","1783"
"getgauge","gauge-gradle-plugin","100"
"getgauge-examples","java-gradle-selenium","74"
"getodk","briefcase","3125"
"getodk","validate","63"
"gettyimages","gettyimages-api_java","489"
"ggrell","RxReactor","2"
"gideon-wade","Gorillas-game","294"
"gimox","flutter_plugins","570"
"gitaroktato","healthcheck-patterns","41"
"gitlab4j","gitlab4j-api","2809"
"gluster","glusterfs-java-filesystem","248"
"gmantele","vollt","1537"
"gmazza","blog-samples","431"
"gmazzo","gradle-buildconfig-plugin","13"
"gmlaxfanatic","ItemExchange","174"
"gnosis","svalinn-kotlin","1"
"go2max","springboot-docker","11"
"godfreydesidery","api","467"
"goekaykaraahmetli","polly","968"
"goftFourth","jedis","2453"
"gojekfarm","beast","711"
"gojekfarm","metrics-statsd","197"
"google","auto","773"
"google","bamboo-soy","822"
"google","protobuf-gradle-plugin","32"
"google","re2j","124"
"google","truth","1217"
"google","turbine","1158"
"googleads","googleads-mobile-android-mediation","2557"
"gopalprashad81","SpringMVC","2700"
"gradle","android-cache-fix-gradle-plugin","1"
"graphfoundation","geequel-shell","1656"
"graphql-java-kickstart","graphql-java-tools","160"
"gravitee-io","gravitee-policy-cache","77"
"greengerong","prerender-java","78"
"greenrobot","EventBus","1024"
"greymd","dotfiles","6"
"griffinbank","rules_clojure","23"
"grmkris","marduk-admin-backend","258"
"grtgmc9","devopsproj","198"
"gsgraf","JPetStore6","198"
"guacamoledragon","throw-voice","127"
"guptaaditya13","geo-fencing-flutter","74"
"guru-packt-project","interview","2828"
"guyco-cider","gradle-project","32"
"gys0000","novelreader","1219"
"haa26","dataentry","360"
"hacking-with-spring-boot","hacking-with-spring-boot-classic-code","1788"
"hadix-lin","ideavim_extension","35"
"halberfan","FTSEngine","521"
"hammerniko","de.itg.hgs.Threads","338"
"hamzah-hayat","MSci-Team-Project","370"
"han-so1omon","home-baked-app","175"
"hao0204","LeetCodeUsingJava","228"
"hap-java","HAP-Java","1684"
"hapaxant","UltimNotFound","8"
"hapifhir","hapi-fhir-jpaserver-starter","523"
"haquangtan84","platform-public-distributions","5"
"harishpalk","Test_Repo","3638"
"hashgraph","hedera-improvement-proposal","2"
"haydensurf","interviews-kdn251","667"
"hboutemy","maven-build-cache-extension-shallow","3087"
"hbz","to.science.labels","397"
"hcsp","common-elements-in-object-list","394"
"hdpe","bowman","966"
"heamanth","jenkin-url","198"
"hecuncun","JTBluetoothwatch","479"
"helderm","songseeker","745"
"helloworld1","FreeOTPPlus","516"
"helloworlde","-spring-cloud-kubernetes-source","1117"
"heroku","webapp-runner","226"
"heuermh","dishevelled-bio","3519"
"hhandoko","cassandra-migration","1087"
"hhu-stups","prob2_kernel","3453"
"hhu-stups","probparsers","3266"
"hhu-stups","tlc4b","1667"
"hibernate","hibernate-reactive","4845"
"hibernate","hibernate-search","85253"
"hierynomus","sshj","2751"
"hiljusti","z","1036"
"himanshuhsshar","Hibernate","466"
"hiptest","hps-cucumber-java","12"
"hispindia","hi-android-tracker-capture","1049"
"hivemq","helm-charts","3"
"hivemq","hivemq-community-edition","6535"
"hivemq","hivemq-kafka-extension-customization-sdk","73"
"hkolbeck","kdl4j","393"
"hlx199802","interviews","2828"
"hmcts","am-role-assignment-batch-service","868"
"hmcts","ccd-client","170"
"hmcts","ccd-config-generator","2845"
"hmcts","ccd-data-store-api","8709"
"hmcts","definition-designer-api-ccdm","2331"
"hmcts","java-logging","262"
"hmcts","rse-cft-lib","279"
"hmcts","sscs-case-loader","1241"
"hneemann","Digital","12960"
"hoehleatsu","microg","3970"
"hoganne","PANDA-Walker","220"
"holgerbrandl","krangl","18"
"homebeaver","SwingSet3-demos","452"
"honkiko","jarjar","563"
"howard12721","Pocky-Battle-Royale","585"
"hoyahozz","Algorithm","197"
"hrldcpr","pcollections","209"
"https-github-com-duck-positive","history-server","160"
"huajianjiang","Android-Studio-Settings","65"
"hub4j","github-api","5255"
"hub4j-test-org","testCreateRelease","4474"
"huijiewei","agile-boot","644"
"husonlab","catlynet","820"
"huyendhtd","jfeaturelib","1074"
"hyperledger","fabric-chaincode-java","204"
"i7mist","SoundRecorder-HSTest","51"
"iBotPeaches","Apktool","5224"
"iRail","BeTrains-for-Android","1550"
"iboxdb","ftserver","659"
"ibrokemypie","mastalab","4906"
"icon-project","icon-sdk-java","871"
"icza","scelight","96"
"igmingo","PruebaGPS","4732"
"igniterealtime","jbosh","247"
"igniterealtime","jxmpp","576"
"igniterealtime","openfire-hazelcast-plugin","525"
"igniterealtime","openfire-sip-plugin","451"
"ij-plugins","ijp-imageio","698"
"imagej","ImageJA","12408"
"imgix","imgix-java","135"
"imhawool","Programmers-Algorithm","3"
"impossibl","pgjdbc-ng","2569"
"imran110219","Java-World","472"
"inFumumVerti","DHBWorld","663"
"inbeacon","InbeaconSdk-android","54"
"inbeacon","inbeacon-sdk-android-example","40"
"incanter","incanter","21"
"infamousSs","zod","371"
"influxdata","influxdb-java","1198"
"intellij-solidity","intellij-solidity","7"
"intermine","intermine-nlp","2"
"inzkhan","NovelReader-Updated","1207"
"iraiders","Robot2022","562"
"irawan09","JAVAConcurrency","860"
"isangu","capstone_client","3343"
"ist-dresden","composum-launch","52"
"isurumadumadawa","android_native_demo_projects","24"
"itemis","xtext-reference-projects","396"
"itext","itext7","35456"
"itisaid","Doris","2"
"itmc-kg","Work.Gm-Gambia","2"
"itsencrypted","OrangeWallet-core","2"
"ivanhoe0","job4j_elementary","151"
"ivoberger","jmusicbot-client","4"
"iwein","spring-integration","16851"
"izeye","spring-boot-throwaway-branches","118"
"j16sdiz","egit-freenet","651"
"jadler-mocking","jadler","673"
"jaegertracing","jaeger-client-java","1246"
"jaehyuen","coding-test-study","3"
"jagadeesh5113111","devop","198"
"jagadeeshboss","jenkins","198"
"jakartaee","rest","2966"
"jakartaee","validation","1371"
"jaliste","unitime","215"
"jameszhao-io","flutter-plugins","861"
"janinko","xmppmuc","455"
"janmotl","linkifier","326"
"jaredsburrows","android-gif-example","771"
"jaredsburrows","retrofit2-synchronous-adapter","94"
"java-irclib","irclib","573"
"javajazz","jazz","1258"
"jazz-community","rtc-git-connector-service","1038"
"jberragan","spark-cassandra-bulkreader","407"
"jbibtex","jbibtex","135"
"jboss-container-images","openjdk","13"
"jboss-logging","log4j-jboss-logmanager","176"
"jbrains","pubmob-EvolutionaryDesignWithoutTests","184"
"jbrains","wbitdd2-PointOfSale-Java-only-UI","442"
"jcabi","jcabi-maven-plugin","187"
"jcgay","dotfiles","32"
"jcgay","maven-color","159"
"jcgay","maven-profiler","149"
"jcgay","send-notification","176"
"jcryptool","crypto","12644"
"jdbi","jdbi","17537"
"jdi-examples","jdi-dark-report-portal-demo","609"
"jeakfrw","jeak-framework","2438"
"jeffreyvoight","jpetstoreDocker","272"
"jenkinsci","allure-plugin","342"
"jenkinsci","artifact-manager-s3-plugin","327"
"jenkinsci","aws-credentials-plugin","42"
"jenkinsci","azure-credentials-plugin","136"
"jenkinsci","azure-storage-plugin","519"
"jenkinsci","bom","8"
"jenkinsci","branch-api-plugin","1103"
"jenkinsci","chucknorris-plugin","48"
"jenkinsci","datadog-plugin","1433"
"jenkinsci","docker-build-publish-plugin","71"
"jenkinsci","ghprb-plugin","1132"
"jenkinsci","git-client-plugin","1828"
"jenkinsci","github-api-plugin","7"
"jenkinsci","gitlab-plugin","1543"
"jenkinsci","jira-plugin","1170"
"jenkinsci","maven-plugin","1398"
"jenkinsci","parameterized-remote-trigger-plugin","326"
"jenkinsci","pipeline-model-definition-plugin","1831"
"jenkinsci","pipeline-utility-steps-plugin","706"
"jenkinsci","promoted-builds-plugin","611"
"jenkinsci","publish-over-cifs-plugin","167"
"jenkinsci","rebuild-plugin","132"
"jenkinsci","redis-fingerprint-storage-plugin","151"
"jenkinsci","remoting","3213"
"jenkinsci","slack-plugin","534"
"jenkinsci","ssh-credentials-plugin","164"
"jenkinsci","tap-plugin","277"
"jenkinsci","testrail-plugin","201"
"jenkinsci","windows-slave-installer-module","34"
"jenkinsci","workflow-api-plugin","1328"
"jenkinsci","workflow-basic-steps-plugin","640"
"jenly1314","JavaFieldGenerator","27"
"jetlinks","reactor-ql","708"
"jfrog","artifactory-client-java","1631"
"jfrog","bamboo-artifactory-plugin","1284"
"jfrog","xray-client-java","210"
"jgroups-extras","jgroups-azure","37"
"jgroups-extras","jgroups-kubernetes","281"
"jhalayashraj","android_packages_apps_Eleven","1974"
"jhaskel","merendaAgrolandia","543"
"jhnc-oss","jenkins-status-overview","52"
"jhungtw","spring-cloud-k8s-sample","1036"
"jhy","jsoup","2982"
"jimmyneutront","Commuto_Interface_Desktop","35"
"jimmyneutront","Commuto_Interface_Mobile","7"
"jitsi","jitsi-meet-sdk-samples","13"
"jjb4547","ComputerStarter","977"
"jklingsporn","vertx-jooq","8847"
"jkroepke","rpms","6"
"jleahey","Minicraft","219"
"jmartisk","mock-artifacts","867"
"jmloyola","tpe","303"
"jmrozanec","cron-utils","3205"
"jmtd","wadc","328"
"jmxtrans","jmxtrans-agent","421"
"joao-vitorg","sistemas-para-internet","329"
"joaodevsantos","LibrarySync","166"
"joaquim-verges","Helium","6"
"joelalcedo","plugins","519"
"joelittlejohn","embedmongo-maven-plugin","120"
"joestrhq","Tachyon","557"
"joestrhq","ZoneMenu","329"
"johan12345","EVMap","15"
"johan12345","ls-vertretungsplan","389"
"johanw666","AuroraStore","4"
"johnnydreher","pathWeaver","299"
"johnnynanjiang","Google-Interview","240"
"johnthagen","clion-cppcheck","72"
"jolie","tquery","277"
"jonahgraham","eclipse.platform.debug","26193"
"jonasbark","flutter_stripe_payment","68"
"jonathan-chao","Dark-Pomodoro-Timer","41"
"jonathanlee06","WellSafe","189"
"jonjomckay","fritter","3"
"joomcode","paranoid","68"
"jordanlewis","config","2"
"jordonadams","Code-Test","21"
"joshuaberube","Fabric-Tutorial-1.18.1","35"
"joshuaberube","ae2utils","22"
"josousa82","pivotal-certified-pro-spring-dev-exam-preparation","2714"
"jploski","epic-ide","2674"
"jpmml","jpmml-converter","1310"
"jpmml","jpmml-evaluator","5868"
"jpmml","jpmml-model","2265"
"jpmml","jpmml-r","1488"
"jpmml","jpmml-xgboost","614"
"jpmml","r2pmml","1"
"jramos69","platform_packages_apps_Eleven","2712"
"jrbi232","mp1","3121"
"jrvansuita","MaterialAbout","113"
"jsevellec","cassandra-unit","1201"
"jsonld-java","jsonld-java","1371"
"jsonurl","jsonurl-java","123"
"jtsoukalas","OOPII_22055_22047_22113","465"
"juanr100","packages_apps_Eleven","2611"
"jubatus","jubatus-java-client","248"
"juick","Juick-Android","1122"
"juliuscanute","qr_code_scanner","2"
"jung8372","jarjar","563"
"junheah","MangaViewAndroid","1062"
"junrar","junrar","983"
"jurek040977","plugins","615"
"juxt","pack.alpha","11"
"jvarilla","guava","1072"
"jwtavare","JavaTraining","171"
"kabouzeid","Phonograph","4642"
"kafka4beam","kafka_protocol","12"
"kagkarlsson","db-scheduler","1921"
"kaitai-io","kaitai_struct_java_runtime","105"
"kamczak","475.cswk2","353"
"kareem-ghazi","jUtilities","574"
"kazuki-0724","TestClient","544"
"kelloggm","object-construction-checker","1141"
"kencottrus","skylot","9103"
"kencottrus","square","625"
"kennethjang34","inventoryManagementSystem","796"
"keyko-io","web3-event-streamer","223"
"khu-dev","khumu-notice-crawler","444"
"kichik","pecoff4j","371"
"killme2008","aviatorscript","2561"
"kinow","tap-plugin","277"
"kinow","testlink-java-api","763"
"kirkwang","simple","781"
"kittinunf","fuel","31"
"kiwitcms","junit-plugin","192"
"kmark","XHangouts","514"
"knowm","Yank","672"
"knw1996","flutter_speed_dial","1"
"koiboi-dev","MissileWarfare","117"
"kokuwaio","helm-maven-plugin","314"
"kolotku","auth0","854"
"konstantintuev","FlutterPluginsOLDWithDataSaver","737"
"koraktor","mavanagaiata","903"
"koraktor","steam-condenser-java","1257"
"krasa","EclipseCodeFormatter","696"
"kriegaex","Eclipse-Debug-View-Stack-Filter","24267"
"kristina-head","leetcode","151"
"ks-no","fiks-maskinporten","56"
"kstateome","canvas-api","1939"
"kuatbro","jhy","2597"
"kubesys","client-java","625"
"kuckjwi0928","algorithm-java","278"
"kudajempalikan","javyy","625"
"kulboyIT","SkyTube","2888"
"kulkarni199","Prasanna","2793"
"kunal-kushwaha","DSA-Bootcamp-Java","368"
"kunalsingh2811","JpetStore-DB1","198"
"kutay-celebi","kuartz-core","437"
"kuter007","android-apktool","2897"
"kuubs0n","PT_Projekt","168"
"kuzzleio","sdk-jvm","208"
"kvasukib","hadoop-docker","22"
"kytrinyx","sample-track-for-prototype-java","781"
"labordata","fmcs-work-stoppage","7"
"laech","intellij-actions-tree","193"
"laech","java-stack-source","237"
"laech","repos","4"
"lakshaysethi","Assignment_3_Mobile_Dev","310"
"lakshmiprasadgrt","devops1","198"
"lakshmiprasadgrt","kishore","198"
"land-company","redision-samples","19524"
"landrew26","mp2","3117"
"larskotthoff","recomputation-ss-paper","12"
"leancloud","Realtime-SDK-Flutter","111"
"lebui89x","maychufoodnow","1836"
"leezzangmin","inflearn_spring_study","187"
"leinardi","mypy-pycharm","432"
"lengyf","impala","17148"
"leogtzr","howmanycals","166"
"leogtzr","monkeylangj","246"
"lewatitruss","auth0","854"
"lewatitruss","tronprotocol-","37708"
"leyan95","qrcode_scanner","47"
"liaoheng","BingWallpaper","877"
"libetl","curl","402"
"libetl","soundtransform","5839"
"librespot-org","librespot-java","3330"
"life4ddr","Life4DDR","4"
"ligi","PassAndroid","2295"
"ligi","VaporizerControl","131"
"linkedin","rest.li","1616"
"liquibase","liquibase-neo4j","29"
"liquibase","liquibase-toolbox","30"
"liquibase","liquigraph","1161"
"lisen87","-","618"
"lite-rust","java-tron","36900"
"lite-us","java-lite","23326"
"litetokens","java-litetokens","16079"
"litetokens","litetokens-studio","17233"
"little-game-and-simple-software","ClickLittleSandBox","198"
"lmdbjava","benchmarks","293"
"lmdbjava","lmdbjava","1892"
"lmdbjava","native","6"
"locked-fg","JFeatureLib","1179"
"logfellow","logstash-logback-encoder","1036"
"logion-network","logion-backend-java","480"
"logzio","jmx2graphite","81"
"logzio","logzio-logback-appender","208"
"logzio","sawmill","1348"
"lolo101","MsgViewer","730"
"longw5","jsoup","1988"
"lookfirst","WePay-Java-SDK","607"
"lookfirst","sardine","997"
"lorenzleutgeb","atlas","2679"
"luandly","NovelReader","1202"
"luckyvs1","CMPT276-WalkingGroup","651"
"ludwig-michdel","PersonalWork","232"
"luklow","amu_automata_2011","2940"
"luontola","tdd-tetris-tutorial","431"
"luuduchieu","stripe_payment_flutter","119"
"luyao8544349","interviews","2828"
"lyn-hub","test","2280"
"madflow","flow-netbeans-markdown","226"
"madhavi2491","junit-plugin","565"
"madphysicist","JTools","363"
"magichan","JPetStore-PinPoint","252"
"maheshtamarakar","java-dsa-bootcamp","536"
"mai13drd","jpetstore-6","246"
"makbn","JThumbnail","107"
"manueldeprada","Alpha-Control-Center","174"
"mapping-dsl","mapping-dsl","1540"
"marchingon12","AuroraStore","4"
"marcinwacho","amu_automata_2011","2762"
"marcosbarbero","spring-cloud-zuul-ratelimit","790"
"mariodujic","CA-SpringBoot-Backend","7"
"marissaatilano258","analyzeTestSonarCloud","356"
"marklogic","marklogic-contentpump","10132"
"martinnnnnnn","Prisma","105"
"martinpaljak","EstEID","240"
"martinpaljak","GlobalPlatformPro","1095"
"martinpaljak","ant-javacard","102"
"martinpaljak","apdu4j","578"
"martinpaljak","cdoc4j","181"
"marytts","gradle-marytts-voicebuilding-plugin","40"
"maskinoshita","flutter_plugins","534"
"mastodon-sc","mastodon","6654"
"material-components","material-components-android","8504"
"mateusbraga","watermelon-4444-group9","48"
"mateusz-bak","openreads-android","2"
"matika2","gs-spring-boot-docker","11"
"matsim-org","pt2matsim","1917"
"matthewrkula","brownsnews","307"
"mattyb149","pentaho-metaverse-orig","1179"
"mauricio","jai-imageio","625"
"mauricioaniche","ck","1317"
"mavjav-edu","Java-in-Two-Semesters-Featuring-JavaFX","223"
"mavjav-edu","ecs_liang_ijp_12","541"
"max-horvath","XMLRPC","22"
"maxmind","GeoIP2-java","1382"
"maxmind","MaxMind-DB-Reader-java","356"
"maxmind","minfraud-api-java","700"
"mbasupalli","edureka_devops","1167"
"mbode","flink-prometheus-example","29"
"mbykovskyy","spritey","708"
"mc1arke","sonarqube-community-branch-plugin","965"
"mcicolella","esercitazioni-spring-boot","244"
"mcoblenz","Glacier","227"
"mcohen01","amazonica","1"
"mdedeu","GuiasEDA","308"
"mdhsieh","gradle-project","848"
"mdhsieh","popular-movies","255"
"mecatran","gtfsvtor","1286"
"mediathekview","MLib","1882"
"medilabszri","trackerx","1122"
"meilisearch","meilisearch-java","810"
"merlinepedra25","APKTOOL1","5223"
"meshenger-app","meshenger-android","451"
"metabrainz","mb-solr","367"
"metagodcore-archives","Cringegodcord","3"
"metio","reguloj","715"
"metosin","jsonista","34"
"metosin","muuntaja","18"
"metosin","reitit","45"
"mhgoon","study","1481"
"micabytes","mica-android","723"
"micdoodle8","Galacticraft","46165"
"michael-o","tomcatspnegoad","463"
"michaelbel","YouShows","959"
"michaelklishin","quartz-mongodb","488"
"mickey530","marketTeam","699"
"microg","GmsCore","4382"
"microg","UnifiedNlp","551"
"micrometer-metrics","micrometer","16660"
"microscopepony","bio-formats-test","550"
"microsoft","gctoolkit","1614"
"microsoft","thrifty","1576"
"miggymayfield","Boot","368"
"mightyost","member-registry-service","2224"
"miguelvargas","test","712"
"mikemayhemdev","EvilWithin","16600"
"mikemole","commons-compress","3578"
"mikera","blockgame","314"
"mikera","core.matrix","43"
"miladBentaiba","Projet_Partie_Mobile","190"
"milecubela","welcome-bot-backend","502"
"milhouse228","spring-certification","2709"
"mimno","Mallet","1512"
"minecraft-dev","MinecraftDev","3492"
"minhkhuong2404","badmintonBookingApp","357"
"mirasantikauyerh","mikera","39"
"mitre","HTTP-Proxy-Servlet","138"
"mjunyent","Stage","406"
"mleegwt","ExternalAlarmClock","164"
"mmastrac","nanojson","213"
"mne-tools","mne-matlab","3"
"mobie","mobie-viewer-fiji","6503"
"mock-server","mockserver-maven-plugin","964"
"modelmapper","modelmapper","2021"
"mogilefs-moji","moji","116"
"moheng233","yuanling","70"
"moise-lang","moise","544"
"mojohaus","animal-sniffer","336"
"mojohaus","buildnumber-maven-plugin","144"
"mojohaus","buildplan-maven-plugin","304"
"mojohaus","extra-enforcer-rules","125"
"mojohaus","license-maven-plugin","857"
"mojohaus","taglist-maven-plugin","132"
"mojohaus","tidy-maven-plugin","56"
"mojohaus","versions-maven-plugin","1204"
"mon1z","CM-Fit","136"
"mongock","mongock-cli-project","257"
"mongodb","docs-java","140"
"mongodb","mongo-kafka","1658"
"moonciki","strong-feign","1567"
"moustaphastar","NewPipe","5777"
"moyashi2","moyashiRepository","2036"
"mrniko","netty-socketio","1981"
"msohn","HelloWorld","95"
"mstao","Magpie","550"
"mstein","elasticsearch-grails-plugin","50"
"mtedone","podam","2210"
"mthmulders","mcs","135"
"muhammadIkramUlHaq","TransformabilityTransformation","1673"
"mul1sh","cordova-plugin-brightcove","13"
"mybatis","couchbase-cache","30"
"mybatis","ehcache-cache","106"
"mybatis","jpetstore-6","316"
"mybatis","parent","6"
"mybatis","spring","2286"
"mybatis","spring-boot-starter","860"
"mynameispp","AppDevelopUtil","328"
"n0m0r3pa1n","sonarqube-detekt-plugin","3"
"nafarya","MarketForMoms","585"
"nafarya","Online-Job-Marketplace","353"
"nameFactory","NameFactory","383"
"named-data","jndn","4465"
"natario1","CameraView","2975"
"nateshmbhat","card-scanner-flutter","4"
"nateshmbhat","stream-it-desktop-app","585"
"nats-io","nats.java","4561"
"nauphone","ServerAccess","1066"
"naver","fixture-monkey","1565"
"naver","spring-jdbc-plus","361"
"navikt","fpinfo-historikk","4630"
"navikt","mock-oauth2-server","1"
"nbauma109","jd-gui-duo","7102"
"nbsp-team","MaterialFilePicker","181"
"nckk-mc","mcmt","13449"
"ncosgray","cuppa_mobile","19"
"neewy","FinalModels","246"
"neewy","InnoMaps","1323"
"neicnordic","LocalEGA-deploy-swarm","88"
"neilwalkinshaw","mintframework","557"
"neo4j","docker-neo4j","358"
"neo4j-contrib","neo4j-jdbc","1851"
"neo4j-contrib","neo4j-sproc-compiler","588"
"nerdsinspace","nocomment-master","757"
"nervers1","4thEdition","910"
"net3j","web3j-evm","32"
"net3j","web3j-gradle-plugin","134"
"nevermined-io","sdk-java","1392"
"newbiechen1024","NovelReader","1207"
"nflearl","esi-engine","248"
"ngcm","PythonTool-Mod","53"
"ngrunwald","datasplash","38"
"nhancv","nc-unity-armultitarget","1"
"nickrobson","skillmmo","515"
"nickveys","statcvs-xml","1401"
"nickywzh","bilibili-helper-hub","432"
"nicoulaj","checksum-maven-plugin","907"
"nikosnikolaidis","commons-bcel","8066"
"nilsreiter","CorefAnnotator","4154"
"ninlampur","nini5","1448"
"nitrogen-project","android_packages_apps_Eleven","1975"
"nkonev","rendertron-java","143"
"nlbdev","nordic-epub3-dtbook-migrator","29"
"noamt","elasticsearch-grails-plugin","48"
"nobloat","bare-jvm","310"
"noe","sgf.importer","10763"
"noear","esearchx","339"
"noleme","noleme-vault","546"
"nonowarn","shimeji4mac","161"
"norswap","sigh","350"
"notizklotz","derbund-downloader","712"
"novoda","gradle-static-analysis-plugin","90"
"nrepl","nrepl","46"
"nshah1729","JAVAji","310"
"nshevchenko","snowly","108"
"nuhkoca","libbra","1"
"o81376","PersonModel","72"
"oVirt","moVirt","1685"
"ocpsoft","prettytime","962"
"ocularium","ocularium","191"
"odk-x","androidlibrary","1725"
"oferka","vid","534"
"ogerardin","project-guarana","711"
"oketoge","useful-java","597"
"oktadev","okta-aws-cli-assume-role","307"
"olivenbaum1","vonage-java-sdk","939"
"olivenbaumdavid","vonage-java-sdk","939"
"ololx","cranberry","378"
"olxbr","secor","986"
"ome","omero-model","750"
"omnirom","android_device_sony_odin","2"
"omnirom","android_frameworks_opt_telephony","1619"
"omnirom","android_packages_apps_Apollo","862"
"omry","banana","421"
"onaio","rdt-standard","3962"
"oncokb","oncokb-java-api-client","1209"
"onlineevaluation","Libra","14"
"open-learning-exchange","myplanet","2933"
"open-pay","openpay-java","1839"
"openMF","ph-ee-connector-ams-mifos","303"
"openMF","ph-ee-connector-channel","136"
"openlattice","openlattice","9655"
"openmessaging","openchaos","965"
"openml","openml-java","1099"
"openorg-software","openrqm-server","247"
"openscoring","openscoring","688"
"openstack","openstack-ansible-os_neutron","998"
"openthos","oto_packages_apps_Eleven","2545"
"opentracing-contrib","java-spring-cloud","659"
"ophielia","listshop-api","4287"
"oracle","olcut","1838"
"org-metaeffekt","metaeffekt-core","1647"
"ori-gamey","docker4J","1758"
"orientechnologies","teleporter","4580"
"osgi","osgi-test","937"
"paginagmbh","EPUB-Checker","562"
"palantir","assertj-automation","1954"
"palantir","conjure","537"
"palantir","conjure-java","2708"
"palantir","conjure-java-runtime","4882"
"palantir","docker-proxy-rule","115"
"palantir","gradle-baseline","2627"
"palantir","gradle-conjure","369"
"palantir","gradle-consistent-versions","191"
"palantir","gradle-git-version","80"
"palantir","metric-schema","217"
"palantir","safe-logging","118"
"palantir","sls-packaging","402"
"palantir","tritium","1086"
"paleou","training","27"
"palmengladosTV","Sopra-Einzelprojekt","143"
"panossot","test","16789"
"park-inn-ispp","park-inn","396"
"parsonsmatt","parsonsmatt.github.io","1"
"patokeni","fabritone","7271"
"paul-hammant","paranamer","744"
"paulo-e","slinky","158"
"paulorievrs","java4noobs","10"
"pavru","lomout","2"
"paypay","paypayopa-sdk-java","463"
"payw-org","jsoup-plus","2252"
"pcdavid","org.eclipse.sirius","1525"
"pcgen-reorg","pcgen","18559"
"pennlabs","penn-mobile-android","2607"
"pentaho","pdi-dataservice-plugin","445"
"pentaho","pentaho-metadata","5161"
"persian-calendar","persian-calendar","4851"
"pervasiverit","Dataflow","279"
"pfichtner","heapwatch","137"
"phatngluu","SIEMsystem","447"
"philburk","jsyn","510"
"philcali","device-pool","1268"
"philippsimon","JFritz","4837"
"pholser","junit-quickcheck","8449"
"picketbox-back","picketbox-core","1497"
"pigisyou70","line-bot-sdk-java","2064"
"pine","emotions","1018"
"pinterest","ktlint","14"
"pinterest","secor","953"
"plastiqueapp","plastique","7"
"pluggyai","pluggy-java","288"
"pmairif","weberknecht","1086"
"polar4derekren","jsoup","2159"
"polar4derekren","spring","2158"
"polarcow285","FreightFrenzy-master","266"
"polarismesh","polaris-java","959"
"policeiu","mp1","3121"
"ponsonio","commons-compress","3627"
"pontem-network","intellij-move","10"
"porscheinformatik","selenium-components","357"
"pousse-cafe","pousse-cafe","9940"
"pousse-cafe","pousse-cafe-shop-app","437"
"poy101","line-bot","2193"
"prasannajeet","Janus-Biometric-Auth","104"
"praveengit007","praveenmaven","27"
"praveenmfa","test1","314"
"preslavmihaylov","booknotes","20"
"pretix","libpretixsync","830"
"pretix","pretixscan-desktop","4"
"prime-framework","prime-mvc","6487"
"prisma-capacity","spring-cqs","189"
"privacyidea","pi-authenticator","61"
"progison","mc-path-of-power","37"
"prometheus","client_java","699"
"prometheus","cloudwatch_exporter","110"
"proninyaroslav","libretorrent","3318"
"protegeproject","swrlapi-drools-engine","3289"
"proximogies","CST-Collect-app","4730"
"purangi","GURU2Project_22","2"
"pvorb","sokrates","330"
"pzoio","impala","17145"
"qbicc","qbicc-class-library","459"
"qingqibing","pdf_itext7","25386"
"qinwang","brave","2414"
"qowlz","2021-computer-network","222"
"qq287597590","androidAnimation","237"
"qtqa","gerrit-plugin-replication","318"
"quanghuy219","OOPProject","416"
"quarkiverse","quarkus-artemis","178"
"quarkiverse","quarkus-neo4j","108"
"quarkiverse","quarkus-renarde","132"
"quarkusio","quarkus-extension-catalog","53"
"quarkusio","registry.quarkus.io","869"
"quartz-scheduler","quartz","1729"
"quite","mumla","933"
"quyixiao","beanshell","2656"
"qwefgh90","JSqlParser","3449"
"r1chardj0n3s","pycode-minecraft","413"
"r2dbc","r2dbc-h2","488"
"r4fterman","edi20","892"
"rabbitmq","rabbitmq-jms-client","3834"
"rade02","Racunalnistvo3","538"
"rafagets","TCC","563"
"ragna1","jarjar","563"
"rainman17","openshift-zipkin","6"
"raisercostin","muCommanderSvn","21367"
"rajavenkatesh","jpetstore-6","198"
"rajeshnarasimha","jfeaturelib","1074"
"rakeshdamera","Test","1236"
"ranjanajindal","https-github.com-mybatis-jpetstore-6","252"
"ranjanajindal","jpetstore_reo","252"
"rao0","vengal0_DAS","345"
"rashmimadhu","Interview-prep","2828"
"rauldobrota","openjump","27137"
"ravi2krishna","project","14"
"rcseacord","JavaSCR","1301"
"rdfhdt","hdt-java","3554"
"reactor","reactor-addons","442"
"realtimedespatch","impala","17379"
"redhat-developer","quarkus-ls","4785"
"redis","redis-om-spring","1710"
"redisson","redisson","24817"
"redsolution","xabber-android","12625"
"redsolver","skydroid","63"
"regulaforensics","DocumentReader-web-java-client","1055"
"rendner","jhexviewer","485"
"reportportal","service-authorization","1402"
"reshamas","ds_projects","730"
"restaurant-management","resman-mobile-customer","1"
"resteasy","resteasy-spring","234"
"rgladwell","intellij-settings","6"
"rhkd6351","Agreement_Backend","478"
"rhwood","trainbeans-concepts","223"
"ricardogarfe","java-8-in-action","172"
"ricksmt","cs340team","548"
"rieske","cloudflare-logs-forwarder","20"
"rik1kor","rtc-git-connector-service","732"
"ringcentral-tutorials","engage-digital-messaging-android-demo","124"
"ripla","Stepper","415"
"ritessh","jpetstore-6","258"
"rmuhamedgaliev","tbd-telegram","1469"
"rmuller","infomas-asl","103"
"robfrank","orientdb-twitter","116"
"robinm8","YACSAndroid","97"
"rochardp12","ProyectoPOO-2Parcial","203"
"rockzeng","impala","15564"
"rofikaw99","Automation_Test_FinAJob_and_Login_in_KasirPintar_Website","108"
"rohankumardubey","JavaPoet","906"
"rohankumardubey","RefinedStorage","24616"
"rohankumardubey","assertj-core","70305"
"rohankumardubey","docker-client","1758"
"rohankumardubey","git-plugin","767"
"rohankumardubey","jackson-dataformats-text","680"
"rohankumardubey","jenkins-test-harness","1418"
"rohankumardubey","jkube","5654"
"rohankumardubey","junit-plugin","565"
"rohankumardubey","leakcanary","625"
"rohankumardubey","netty-socketio","1968"
"rohankumardubey","pmd-misc","619"
"rohankumardubey","sdk-java","8803"
"rohankumardubey","spring-cloud-kubernetes","3126"
"rohitpatil12","Assignment","273"
"rohitsainik","sensorlist","9"
"rollbar","rollbar-flutter","11"
"rombert","ereviewboard","811"
"rometools","rome","6208"
"roughwin","audioplayer_speed","26"
"rrousselGit","provider","1"
"rsksmart","rskj","16217"
"rsocket","rsocket-java","5777"
"rubis-lab","eclipse.platform.debug","26006"
"runelite","launcher","160"
"runelite","runelite","25427"
"runetopic","runelite-dev","65762"
"rutgerkok","BetterEnderChest","989"
"rwth-acis","mobsos-data-processing","186"
"ryenus","rop","199"
"rzel","talc","155"
"sabeeralikp","CustomTableCalender","2"
"saeg","asm-defuse","1068"
"saikrishna94912","pom_version_change","5"
"sakazz","exchange","25952"
"sakshamgurbhele","InfoScroller","7"
"sal0max","currencies","18"
"saltedfishclub","Packy","314"
"samqws-gh-private","demo-example","928"
"samtingleff","chendra","432"
"samuelblattner","ffhs-dbs-team-blue","25"
"sanai99","MaterialContent-","73"
"sanjuthomas","kafka-connect-gcp-bigtable","425"
"sansare","kafka-elastic-sink-connector","176"
"sapientpants","structurizr-macros","2"
"saptarshi97","Revels18","631"
"sara-service","gitiles","550"
"saschpe","android-customtabs","41"
"saschpe","android-social-fragment","28"
"saschpe","android-versioninfo","20"
"sathishmscict","AndroidViewAnimations","237"
"sathishmscict","PDF-View","279"
"satishkumar96","PaySchoolAdmin_Cucumber_Automation","126"
"saucelabs","saucerest-java","209"
"savoirtech","hecate","2436"
"sbley","Projectiler","770"
"scalahub","BeanShell","2621"
"schrepfler","jira-maven-plugin","223"
"scijava","scijava-common","5716"
"scijava","scijava-search","364"
"scireum","sirius-db","2962"
"scottatwell","atdl4j","1336"
"scravy","bedrock","979"
"scribejava","scribejava","3990"
"scrum-for-developers","2021-05-teamb","570"
"sculptor","sculptor","1625"
"sdkotlin","sd-kotlin-talks","150"
"seedvault-app","seedvault","230"
"semestry","blackboard-mytimetable","36"
"sensestar","audioplayers","132"
"sergitarrenchs","MeetMate","249"
"serivesmejia","EOCV-Sim","2133"
"seven332","commons-compress-zipfile","4002"
"seyfahni","OnlineTime","229"
"sflpro","notifier","5321"
"sgoudham","MyWaifuWrapper","210"
"sgpinkus","bubbles9000","16"
"shamblett","mqtt_client","7"
"shamzu91","k8s-kickstart","1682"
"shansen","EggCatcher","66"
"shivasharma","IS147","452"
"shopmax","website-tenant","17"
"shpotainna","task-manager","340"
"shree675","MyMargdarshakaApp","260"
"shreyansjain1407","SDE-Worksheet","308"
"shrinkwrap","resolver","3301"
"shuend","line-bot-sdk-java","2068"
"shulieTech","LinkAgent","2938"
"shy625","dont-stop-the-camera-study","5"
"shyam55","devopsnew","198"
"siberblog","kypnt-devops-backend-sonarqube","20"
"simonnagl","netdata-java-orchestrator","448"
"singnet","snet-sdk-java","1038"
"sirixdb","brackit","4559"
"sisbell","email","4008"
"sixhours-team","memcached-spring-boot","630"
"sjaramillo10","Pedometer","610"
"skalogirou","flutter_plugins","490"
"skglobal-jsc","audioplayers","89"
"skinny85","specnaz","840"
"skynetcap","solanaj","919"
"sly1615096842","https-github.com-square-okio","910"
"smallrye","smallrye-mutiny-vertx-bindings","1119"
"smallrye","smallrye-stork","722"
"smamidala","interviews","667"
"smarqito","flight_manager","316"
"smart-football-table","smart-football-table-ledcontrol","279"
"smilingprogrammer","Movielite","15"
"smithc42","toro_ima","1506"
"smokestack","smokestack","499"
"smoketurner","dropwizard-consul","441"
"smoketurner","dropwizard-zipkin","269"
"snakeyaml","snakeyaml","8508"
"soft-proactive","Upchain-wallet","219"
"softvision-dev","webpdf-wsclient","267"
"somyars","Interviews","2828"
"sony-fusion3-dev","android_device_sony_odin","4"
"sony-fusion3-dev","android_device_sony_yuga","3"
"sparks","themidibus","148"
"sparrowwallet","sparrow","4200"
"spdx","spdx-maven-plugin","173"
"spinnaker","fiat","737"
"spinnaker","gate","471"
"spinnaker","orca","3941"
"spkersten","dart_functional_data","1"
"splifcad","Bukkit","5848"
"spotify","docker-maven-plugin","140"
"spotify","folsom","1287"
"spotify","missinglink","169"
"spring-attic","spring-android","2322"
"spring-cloud","spring-cloud-commons","4201"
"spring-cloud","spring-cloud-kubernetes","3476"
"spring-guides","gs-crud-with-vaadin","72"
"spring-projects","spring-data-jpa","6044"
"spring-projects","spring-data-keyvalue","1011"
"spring-projects","spring-data-r2dbc","2448"
"spring-projects","spring-data-relational","6431"
"spring-projects","spring-hateoas","4446"
"springfox","springfox-grails-integration","196"
"sqlcipher","sqlcipher-android-tests","761"
"square","curtains","3"
"square","javapoet","907"
"square","kotlinpoet","948"
"square","okio","930"
"srlearn","SRLBoost","1700"
"srujantata","Maven-With-Docker-Test","139"
"stanstanwang","redisson","20665"
"stateless4j","stateless4j","352"
"stealthcopter","AndroidNetworkTools","222"
"stefanhaustein","krash","274"
"stefanhaustein","tantilla","4816"
"stefanoimperiale","google_maps_flutter","743"
"steffenhaug","oats","9"
"steinert-programming-2180","Robotics2022","345"
"stellar","java-stellar-sdk","3088"
"stklcode","jvaultconnector","925"
"stleary","JSON-java","1035"
"stomt","stomt-java-sdk","207"
"streamr-dev","streamr-client-java","769"
"strimzi","strimzi-kafka-bridge","1162"
"structurizr","cli","83"
"subhenduGit60","JPetstore_MyBatis","260"
"sultannamja","tauonremote_android","175"
"sumit3203","jfeaturelib","1074"
"sumitpareek1","sumitpareek1","85"
"suraj-testing2","Shower_Light_saber","1187"
"sureshmohan99","jpetstore","258"
"susantamoh84","General-coding","2788"
"suttonL","mp1","3122"
"svaddadhi","Apache-Parquet-OCI","270"
"swastikpattnaik","JPetstore_MyBatis","260"
"swastikpattnaik","MyBatis","258"
"swethacts","allure-plugin","340"
"systemkern-org","launcher","1"
"szabbas","my_jpetstore","201"
"szeweq","FL","254"
"t0xa","gelfj","155"
"t28hub","auto-truth","279"
"tabulapdf","tabula-java","646"
"tailrocks","dumper","210"
"tailrocks","jambalaya","414"
"tailrocks","micronaut-graphql-tools","646"
"tailrocks","tailrocks-ui-marketplace","157"
"takari","io.takari.incrementalbuild","1135"
"takari","maven-wrapper","68"
"tangina-sultana","HDT-Java","3040"
"taptue-devopsenginner","kubernetes-plugin","2377"
"tarent","extract-tool","235"
"tarent","maven-parent","19"
"tarent","rfc822","259"
"tarmin68","LeetCode","396"
"tarql","tarql.github.io","89"
"tasomaniac","OpenLinkWith","902"
"taxcalcs","taxcalculator","138"
"taz-dev","triplan","757"
"tcurdt","jdeb","1523"
"tcurdt","jdependency","441"
"teake","simplie","353"
"team6002","FRC2022_Swerve","622"
"techteam25","SPAdv","1886"
"tedyoung","mycmt2-blackjack-20210322","682"
"teerthmehta","test_guava","1084"
"telefuel","flutterfire","472"
"telegram-sms","telegram-sms-china","1439"
"tema6120","ForgetMeNot","3"
"temporalio","samples-java","1834"
"temporalio","sdk-java","10213"
"terapienergi","riemann","27"
"terl","lazysodium-java","917"
"termux","termux-api","459"
"terrestris","shogun-core","5066"
"testingbot","Testingbot-Tunnel","344"
"thaliproject","Tor_Onion_Proxy_Library","193"
"the-weird-aquarian","IYPS","65"
"thecowan","wallpanel-android","275"
"theia-ide","yang-lsp","46"
"thelegorom","packages_apps_Apollo","868"
"thulab","iotdb-benchmark","3320"
"timaschew","jANN","1086"
"timbru31","CookMe","156"
"timbru31","ImmortalLogin","105"
"timbru31","PasswordProtect","220"
"timbru31","PickupArrows","109"
"timbru31","SilkSpawners","1551"
"timbru31","SilkSpawnersEcoAddon","100"
"timbru31","SilkSpawnersShopAddon","275"
"timbru31","UnlimitedLava","229"
"time2automate","JpetstroreTest","198"
"titanium-knights","team-a-2021-2022","672"
"tkeithblack","old-flutterfire","460"
"tlabs-data","tablesaw-parquet","286"
"tlaplus","Examples","2"
"tnakae","Android-App-Tutorial","110"
"tobylai-toby","craftbukkit","13372"
"tokenio","sdk-java","1552"
"tokuhirom","java-handbook","135"
"tomaszbawor","agro","281"
"tomitribe","tomitribe-util","557"
"tommyippoz","RELOAD","3731"
"tonildo123","andOTPgaston","850"
"topicusonderwijs","m2e-settings","60"
"topicusonderwijs","vakkentabel-maven-plugin","15"
"tordanik","OSM2World","5002"
"torina","tabula","565"
"toriningen","craftbukkit","12395"
"tororo1066","TororoPluginAPI","13"
"tortuvshin","sign-android","94"
"torusresearch","customauth-android-sdk","346"
"tr7zw","Item-NBT-API","619"
"track6688","interviews","836"
"treasure-data","td-client-java","2365"
"treehouses","remote","890"
"trendrr","java-oss-lib","1440"
"trevordboyer","freshbooks-api-java-client","240"
"trinodb","trino-hive-apache","45"
"tronprotocol","java-tron","41012"
"tronprotocol","tron-eventquery","171"
"trydofor","pro.fessional.wings","7591"
"tsantalis","RefactoringMiner","5761"
"tueda","donuts","170"
"tunnadora","Master_link1","89"
"turesheim","eclipse-launcher","102"
"tuxmobil","CampFahrplan","590"
"tw-bc-group","tw-wallet-backend","1295"
"twingly","twingly-search-api-java","97"
"twonote","radosgw-admin4j","238"
"tyutyutyu","oo4j","227"
"ubclaunchpad","soil-topARgraphy","126"
"uber","AutoDispose","1534"
"uber","NullAway","695"
"uber","cadence-java-client","3321"
"uber","rides-android-sdk","552"
"udacity","ud867","804"
"uhh-lt","LT-ABSA","1199"
"ukwa","ukwa-heritrix","601"
"ulfjack","catfish","770"
"umairmughalz","jfeaturelib","1074"
"umerf52","CS466_TalkIt","174"
"undertow-io","undertow","16841"
"univapay","univapay-java-sdk","1332"
"unrelentingtech","antigravity","169"
"uploadcare","uploadcare-java","319"
"urbanairship","connect-java-library","616"
"uruba","TruckApp","574"
"usc-isi-i2","nlp-util","3084"
"useful-toys","slf4j-toys","1478"
"uwaborjoshua","Class-Excercise","1092"
"uzh","marugoto","4126"
"vaguiar","CodingSamples","9"
"vaibhavsuri","outpost2014","430"
"valfirst","jbehave-junit-runner","481"
"valtterimaki","smart_crt_tv","1"
"varju","tnmc","68"
"vaticle","factory-tracing","84"
"vaticle","typedb-behaviour","116"
"vaticle","typedb-common","168"
"vaticle","typedb-console","139"
"vdrhtc","concrypt","611"
"venchu","Neuroph","3171"
"venkateswarakumar","demo","198"
"ventis07","jfeaturelib","1074"
"veraPDF","veraPDF-apps","1234"
"verbal-autopsy-software","InSilicoVA","73"
"versly","wsdoc","466"
"vert-x3","vertx-hazelcast","400"
"vert-x3","vertx-infinispan","370"
"videoDAC","android","1"
"viewv","EncBox","216"
"vigna","fastutil","2357"
"vincentrussell","sql-to-mongo-db-query-converter","426"
"violette","versions-maven-plugin","1221"
"vishalezen","jfeaturelib","1074"
"vishalkathiriya93","table_calendar","2"
"vision-consensus","vision-core","2674"
"vmax1145","BitrateEditor","556"
"vmsiva","jira-plugin","513"
"vohoaiviet","JFeatureLib","1179"
"volleru","junit-plugin","645"
"vorburger","MariaDB4j","435"
"voxpelli","node-bunyan-adaptor","448"
"vrubezhny","lsp4e1","71"
"vssl1","C-Users-User-Desktop-.idea","2666"
"vssl1","C-Users-User-Desktop-git-hub","2217"
"w3stling","checksum","478"
"w3stling","insynsregistret","177"
"w3stling","rssreader","142"
"wakatime","eclipse-wakatime","91"
"wakatime","netbeans-wakatime","60"
"walikhan226","locationpackage","78"
"walleth","walleth","16"
"wang-shishuang","Java-Interview","2828"
"wangjin","code-review-plugin","20"
"wangjunbao","jfeaturelib","1074"
"wangrunlin","CodeGymTasks","604"
"warnettconsultingltd","wcl-mfn-manager","214"
"warting","SingleDateAndTimePicker","374"
"wbo4958","wbo4958.github.io","11"
"wealthfront","magellan","485"
"web3j","web3j-cli","515"
"web3j","web3j-gradle-plugin","141"
"web3j","web3j-quorum","260"
"web3j","web3j-unit","1"
"welups","java-wel","38171"
"wenhao","jpa-spec","398"
"weshayutin","java258Online","66"
"whirlplatform","whirl","393"
"wigigi","-","1813"
"wiglenet","wigle-wifi-wardriving","2993"
"wil","EPP-Launch-Phase-Extension-Specification","8"
"wildfly-extras","wildfly-datasources-galleon-pack","4"
"willy50414z","line-bot-sdk-java","2068"
"wimjongman","egit","176"
"winnie2311","wtesting02","2100"
"winterdl","NovelReader-1","1200"
"wireapp","echo-bot","129"
"wise-coders","cassandra-jdbc-driver","414"
"woheller69","Level","150"
"wordpress-mobile","wpxmlrpc","32"
"wpilibsuite","PathWeaver","301"
"wpilibsuite","native-utils","385"
"wso2","wso2-pax-logging","3419"
"wuan","bo-android","2155"
"wurp","Friendly-Backup","356"
"x2009again","tt-rss-android","2872"
"xbmc","Kore","1421"
"xdvsf","xrpl4j","2633"
"xgdsmileboy","eclipse.pde.ui","51159"
"xiasc01","mp4parser","7136"
"xilibi2003","Upchain-wallet","219"
"xinyu894235025","My-ES","5438"
"xnpcx","contol-consol-t-ui","159"
"xnpcx","t-uilauncher","159"
"xseededucation","chewie_custom","1"
"xtext","maven-xtext-example","18"
"xtext","seven-languages-xtext","7303"
"xtext","xtext-gradle-plugin","70"
"xtonousou","SoundBoardX","967"
"xulihang","BasicCAT","4"
"xuyiwei0812","goShopping-back","1053"
"xwiki","xwiki-rendering","3324"
"xwiki-contrib","application-filemanager","17"
"xwiki-contrib","application-forum","33"
"xwiki-contrib","application-page-relations","744"
"xwzl","dubbo","2394"
"y20k","escapepod","181"
"yaap","packages_apps_Dialer","991"
"yaeldau","jsoup_refactoring","2142"
"yagami-light","LeetCode-practice","331"
"yahoo","fili","2840"
"yankees88888g","Rustic","10"
"yanqivip","Hadoop_project","181"
"yantaozhao","CameraView","1731"
"yarl","pattypan","411"
"yashin-luo","gitee-plugin","1690"
"yashreddy07","yash","201"
"yatharthagoenka","Synapse","61"
"ychawla29","flutter_blue","172"
"yggdrasil-network","crispa-android","6"
"yglukhov","jnim","48"
"yglukhov","nimx","12"
"yinwu69","math","667"
"ylya","horndroid","779"
"yochannah","gains","310"
"yop-platform","yop-java-sdk","1665"
"youcefb41","jfeaturelib","1074"
"youleyu","android-apktool","2897"
"youngmonkeys","ezyfox","11053"
"youngmonkeys","ezymq","1278"
"youngmonkeys","game-box","448"
"yuhaibao324","08demo.mybatis-howso","6773"
"yunlzheng","prometheus-book","8"
"yuraware","get_permission","2"
"yuriykulikov","AlarmClock","1759"
"yutangzytzcj","interviews","2828"
"yzernik","briar","29420"
"zachcp","JEBL","1205"
"zachmayer","segue2","244"
"zalando","logbook","3638"
"zalando","problem","495"
"zalando","problem-spring-web","1147"
"zalando","riptide","4381"
"zalando-nakadi","fahrschein","981"
"zannis","BargainHunt","1007"
"zendrive","zendrive-sdk-android-sample","101"
"zentity-io","zentity","571"
"zhangzhengithubs","ypbfzz","132"
"zhudon","mianshi","836"
"zksync-sdk","zksync-java","439"
"zln312","-interviews","2828"
"zolyfarkas","spf4j","10864"
