"owner","repo_name","rs_commits"
"tlc-pack","relax","599"
"singularity-data","risingwave","21789"
"naresht1710","serverless","2"
"sergius47","penumra","2556"
"Turupawn","BorrameX","2"
"fede1024","rust-rdkafka","1223"
"jpglezco","dev-bootcamp-hardhat","2"
"awsdocs","aws-doc-sdk-examples","1375"
"coinbase","salus","3"
"rust-lang","rustc-perf","38154"
"rohankumardubey","tvm","589"
"IntelRealSense","librealsense","4"
"anoma","juvix","13"
"Hk-Z-GitHub","LeetCode","23"
"erichodges","learn-web3-dapp","19"
"spacedriveapp","spacedrive","1148"
"vladpaln","redox","1772"
"enarx","mmarinus","972"
"cvng","trankeel-api","3084"
"lucaswiman","stuff","37"
"veracruz-project","icecap","3192"
"crate-ci","typos","698"
"trustfarm","rteo","25691"
"w3f","polkadot-tests","1451"
"apollographql","rover","1272"
"jonathan-barbero","dev-bootcamp-hardhat","2"
"strake","aeson.hs","3"
"glium","glium","4710"
"lichess-org","lila-openingexplorer","987"
"Mergpijp","risk_rust","3160"
"Raze-Net","zero-chain","2646"
"oliverheywood451","swagger-codegen-2.4.0","78"
"lyqingye","fork-raft-by-rust","1215"
"bebrws","glutin","2459"
"PistonDevelopers","dyon","1660"
"hirosystems","clarinet","1683"
"casper-network","casper-node","24380"
"gimmi","randomhacking","8"
"ADKaster","serenity-rust","18"
"rayon-rs","rayon","2933"
"ivaylonikolov7","fighting-nft","2"
"Edgecortix-Inc","mera-tvm-public","588"
"MeloYang05","GraphScope","775"
"rizinorg","rizin-extras","6"
"hackndev","zinc","2089"
"cobalt-org","liquid-rust","2653"
"AYCHDeveloper","Blockstack","4854"
"gridgentoo","actix","3128"
"areusch","tvm-fork-for-ci","549"
"vyugov","substrate","19360"
"rust-lang","cc-rs","487"
"polywrap","monorepo","4111"
"plantain-00","types-as-schema","31"
"signalapp","libsignal","1604"
"paritytech","ink","5102"
"matter-labs","compiler-solidity","1988"
"pfigz","dev-bootcamp-hardhat","2"
"Chinmayee954","tflite_micro","111"
"sapio-lang","sapio","1977"
"Zondax","filecoin-signing-tools","739"
"floss50","ocean-explorer","4"
"killercup","cargo-edit","1080"
"abacus-network","abacus-monorepo","1658"
"Dushistov","flapigen-rs","2388"
"jfbilodeau","Rocket","3769"
"killianmuldoon","oss-fuzz","10"
"cogciprocate","ocl","5337"
"serde-rs","serde-rs.github.io","26"
"tsg-ut","esolang-battle-archive","28"
"dio","istio-envoy","15"
"divviup","prio-server","155"
"bstofko","hello-world","2"
"zhangjie6305","-","2"
"TvdW","tdf-waitlist","137"
"ElementsProject","lightning","96"
"skytable","skytable","3279"
"rust-ndarray","ndarray-linalg","1958"
"tkramarets","spinnaker","3"
"keystone-engine","keystone","67"
"hustcer","nu-release","22105"
"cobalt-org","cobalt-migrate-jekyll","779"
"meghprkh","rustlings","740"
"ahudtli","Substrate_Kitties","5920"
"huggingface","tokenizers","1956"
"wenxcs","tvm.dx","597"
"ContainerSolutions","trow","1244"
"ciberexplosion","NFT-Auction-Marketplace","1"
"ehteshaxm","create-an-nft-candy-machine","565"
"denoland","rusty_v8","1340"
"Mlonnie","ETC","8"
"Arxcis","adventofcode2020","32"
"ijl","orjson","677"
"AniketPatil27","NewRepo","4"
"dustlang","crater","2608"
"ZeusWPI","MOZAICP","2120"
"liweinan0423","rustlings","732"
"cobalt-org","cobalt.rs","1228"
"GNOME","gnome-builder","11"
"sagpant","yarp","46"
"pantsbuild","pants","3444"
"habnabit","clacks","4315"
"minhphong306","learn-web3-dapp","19"
"hitris3wzm","Hucxley","3722"
"JimmyHongjichuan","halo2_gadgets","1059"
"midas19910709","Metaplex-Etherfuse","565"
"bit-country","Metaverse-Network","3942"
"Luucas51","test_thp_js","12"
"rust-embedded","cortex-m","1027"
"westonsteimel","tor","258"
"crossbeam-rs","crossbeam","4019"
"alexcrichton","curl-rust","913"
"lgraubner",".dotfiles","4"
"data-pup","cranelift-dsl-settings-refactor-dev","2730"
"tetcoin","frontier","1033"
"bandprotocol","bandchain","670"
"harwinder349","Github","1347"
"adityalakra","wordpress","1"
"allydev","android_frameworks_base","8"
"tectonic-typesetting","tectonic","1085"
"realpython","materials","2"
"GaloisInc","sel4-rust","204798"
"dustlang","starships.in","4541"
"krzema12","kotlin","4"
"ZeusWPI","zauth","745"
"msrv-rs","rargo","12381"
"image-rs","image-png","514"
"edddyguo","ethers-rs","2711"
"tkambler","c9sdk","3"
"rustwasm","wasm-pack","990"
"dima-brook","ink_ERC_1155","4118"
"PirlIsShit","pirl-2_0","4061"
"bytecodealliance","lucet","2490"
"emeraldpay","emerald-vault","1767"
"paulpaul199722","dkd","565"
"integer32llc","rust-playground","283"
"rivy-t","test.coreutils-upstream","5486"
"ralexstokes","ssz-rs","498"
"reach-sh","reach-lang","2"
"Thuva4","Algorithms","54"
"occlum","occlum","1410"
"RustCrypto","utils","737"
"CympleTech","ESSE","1013"
"pyth-network","pyth2wormhole","1535"
"ZestProjects","zestginx","1375"
"timvisee","prs","1591"
"RTurney","Gilded-Rose","10"
"cloudflare","wrangler","3036"
"willeslau","cross-chain-repository","1102"
"drogue-iot","drogue-cloud","3177"
"NiuGithub","996.ICU","11"
"tikv","tikv","28714"
"rust-osdev","uefi-rs","847"
"iyegoroff","react-native-image-filter-kit","44"
"husainsalah","solana-web-3-sdk","13"
"Electrofruit","ZeroKnowledge","1942"
"academy-jan-2022","gilded-rose-kata-lisandro-ollie","10"
"RishabhSehgal",".dotfiles","6"
"EQt","graphidx","22"
"prisma","tiberius","1304"
"stellar","stellar-core","17"
"asterism0115","substrate-docs","135"
"cdoepmann","onion-pass","254"
"tonyrichardking","exp-dotnet-rabbitmq-tutorials","17"
"eastwoodko","vscode","2"
"mithril-security","hyper-sgx","3677"
"KingsleyAgyemang","dev-bootcamp-hardhat","2"
"canyon289","canyon289.github.io","2"
"enseadaio","enseada","1393"
"m4b","goblin","1623"
"betrusted-io","betrusted-ec","682"
"K1rakishou","Kuroba-Experimental","15"
"kenyue102008","win11","2"
"smartcontractkit","chainlink","187"
"lk-geimfari","awesomo","5"
"stafiprotocol","stafi-node","1229"
"gnosis","dex-services","1518"
"sfackler","rust-openssl","4330"
"danczw","Chainlink-Developer-Bootcamp_hardhat-starter-kit","2"
"baskerville","plato","2146"
"roszac","grafiti","565"
"gimli-rs","gimli","1927"
"xmake-io","xmake","60"
"ingalless","rustlings","718"
"rbspy","rbspy","974"
"Deviantcoin","wallet-5.x","1"
"keep-network","electrs-blockstream","1812"
"IC-Kryptonic","Canister-Architecture-PoC","272"
"TechplexEngineer","LuaByExample","7"
"dimforge","nphysics","7038"
"3rdparty","embed-envoy","19"
"hubblo-org","scaphandre","514"
"ntex-rs","ntex","15399"
"chrisellismitchell","dev-bootcamp-hardhat","2"
"discordnova","Nova","359"
"light-curve","light-curve","1509"
"nats-io","nats.rs","1836"
"drift-labs","protocol-v1","978"
"quasarframework","quasar","99"
"eliben","code-for-blog","60"
"wurtulla","wurtulla","33752"
"m8rex","rumbas","2123"
"Armand-Guillemot","enimga-mint-test","565"
"greendev223","metaplex","565"
"aisamanra","rust","204796"
"cockroachdb","vendored","51"
"google","serde_json_lenient","1477"
"gtk-rs","cairo","5232"
"jimni1222","rust_bitcoin","858"
"santos227","rustlib","4280"
"safe-global","safe-client-gateway","1839"
"De30","Tor","284"
"jam1729","solana-metaplex","565"
"spinnaker","spinnaker","3"
"rust-phf","rust-phf","852"
"kronosnet","kronosnet","8"
"Instagram","LibCST","128"
"mrtazz","dotfiles","6"
"confluentinc","examples","7"
"Samdney","tor","115"
"nmrshll-contrib","anchor-cli-0.13.2","901"
"ShanghaiJosiah","solana","30641"
"ash-rs","ash","1664"
"radareorg","radeco","3063"
"cheqd","vdr-tools-sdk","19532"
"ferrous-systems","teaching-material","800"
"minerals","swagger-codegen","28"
"staccDOTsol","fuck-with-candy-bots","439"
"PistonDevelopers","piston","1640"
"Fkazi14","webSocat","1284"
"crossterm-rs","crossterm","3365"
"vim-test","vim-test","24"
"bitcoindevkit","bitcoindevkit.org","9"
"ephremdeme","data-structure-and-algorithms","1"
"mozilla-services","syncstorage-rs","1744"
"DevSCNinja","shadowsocks-rust","4128"
"WerWolv","ImHex","185"
"kpearson","vimfiles","2"
"v6x","core-foundation","1670"
"hyperledger-labs","solang","4242"
"PyO3","rust-numpy","949"
"betrusted-io","betrusted-soc","287"
"rdcoin","Smart-contract","187"
"dustlang","dust-clippy","25122"
"zero-network","zero","3020"
"acapone13","tvm-nnabla","456"
"rust-lang-ja","edition-guide","2"
"planet-s","liblibc","1743"
"opensearch-project","opensearch-rs","1493"
"ironcev01","cargo-dit","1065"
"Windows11Master","win11reac","2"
"dbt-labs","dbt-core","88"
"zmwangx","rust-ffmpeg","1084"
"sazid","rustlings-solution","770"
"elfo-rs","elfo","1094"
"kodsnack","advent_of_code_2018","19"
"second-state","wasm-joey","17"
"Yarra912","Mano","5"
"tetcoin","tetcoin","4994"
"nickatnight23","dev-bootcamp-hardhat","2"
"kriscfoster2","cheats.rs","5"
"thu-cs-lab","Router-Lab","10"
"alwayswong","metaplex_private","565"
"endlessm","ostree","10"
"ChungZH","notepanda","2"
"linebender","druid","4721"
"smartcontractkit","chainlink-brownie-contracts","4"
"Abraham4242","ChainlinkBootcamp","2"
"gimli-rs","object","1278"
"rohankumardubey","GraphScope","1525"
"seed-rs","seed","2888"
"get-sugar","influencer-metaplex","449"
"fochoao36","cryptography","241"
"FAVE01","BRX-LAB","2236"
"rust-num","num","649"
"Enet4","dicom-rs","1001"
"zerotier","ZeroTierOne","5897"
"rohankumardubey","opengrok","14"
"IllusionRom-deprecated","android_device_samsung_crespo","3"
"deviceplug","btleplug","1130"
"actix","actix.github.io","565"
"hyperledger-labs","weaver-dlt-interoperability","42"
"sagpant","flatbuffers","92"
"CiscoM31","kubevirt","38"
"LNP-BP","rust-lnpbp","3703"
"mmcgrana","gobyexample","7"
"rcore-os","zCore","6434"
"M10O","GiFT","565"
"delta-io","delta-rs","774"
"sunjay","turtle","1723"
"gelash","diem2","7856"
"rootulp","exercism","181"
"mmstick","zbus","2113"
"c9","core","9"
"bigeasy","paxos","2"
"i5858588","hello-world","2"
"JakeDevs","Rustlings","849"
"atiwaripw","kubevirt_044","38"
"ThinkingBridge","platform_device_samsung_crespo","3"
"ChainSQL","chainsqld","32"
"GNOME","librsvg","6915"
"ije","esm.sh","181"
"kt3k","deno_ci_test","1536"
"ThomasdenH","pdf.js-wasm","21"
"andrereus","metaplex-test","565"
"PanQL","rustling","844"
"litegraph","substrate","3764"
"ezrosent","frawk","1454"
"0xCryptoStefan","dev-bootcamp-hardhat","2"
"mikepapadim","collage-non-tvm-fork","731"
"penelopezone","rubyfmt","727"
"val-verde","shared-mime-info","3"
"dusk-network","rusk","1213"
"Eki8596","GildedRose-Typescript","10"
"Foster-Marketplace","metaplex","439"
"Supercolony-net","openbrush-contracts","2704"
"stm32-rs","stm32f4xx-hal","1370"
"ErikSchierboom","exercism","62"
"georust","gdal","1394"
"biolinh","azure_vscode","2"
"mriehl","dotfiles","5"
"influxdata","chronograf","256"
"soycristiam","dev-bootcamp-hardhat","2"
"smudgil","my-nft","1"
"testhostdevelopers","Project-SM","565"
"seanmonstar","warp","1485"
"wjlroe","bim","812"
"mikhailxyz","rustlings-solutions","782"
"bcsmith2846","emacs","1"
"qinwang","thrift","1"
"opendp","smartnoise-core","2508"
"tetcoin","tetsy-bitcoin","4329"
"chainx-org","bitcoin-rust","4380"
"tetonix","frontier","1161"
"dgoodlad","crabdac","7185"
"spglib","spglib","19"
"snapview","tungstenite-rs","463"
"KBPsystem777","penguinhero-marketplace","380"
"mongodb","mongo-rust-driver","4066"
"rustsec","rustsec","961"
"rituja10","training","4"
"Arnavion","k8s-openapi","79685"
"Scille","parsec-cloud","1060"
"parcel-bundler","parcel-css","1894"
"subspace","subspace","4236"
"mooman219","fontdue","509"
"technocreatives","gurkle","1995"
"murtyjones","birb","1354"
"Mattlk13","pygments","341"
"rust-blockchain","evm","1895"
"Inateblig","SmashBlock","3"
"morphware","daemon","10"
"codewithPoppy","blitz-next","1"
"asomers","mockall","862"
"mozilla-b2g","gecko-tablet","40"
"jchakravarty","kibana","4"
"infobloxopen","themis","54"
"Kuppalakirankumar","Kuppalakirankumar","903"
"RandyMcMillan","x20bf","14"
"ashishraog","Notepad","2"
"tomngdevv","metaplex-sz-v1","565"
"LedgerHQ","app-oasis","4"
"kevincheng96","substrate-recipes","1067"
"rockomatthews","rightcopy2.0","565"
"fMercury","exchange-page","2"
"ARK-Builders","ARK-Navigator","1"
"miodragpop","zcash-primitives","3329"
"phaazon","luminance-rs","2920"
"NicholasMoser","Naruto-GNT-Modding","3"
"onomyprotocol","near-aurora-bridge","303"
"bhavyaweb3","spp-beta-auctions","565"
"anandibhat","AWSServerless","2"
"second-state","crunw","3"
"leviticus-top","solana","2969"
"Dhawal-27","vscode","2"
"shunsukew","training","33"
"RagnarGrootKoerkamp","astar-pairwise-aligner","2020"
"gardum-game","gardum","1587"
"opennetsys","golkadot","2"
"shuangzhijinghua","Pcap_DNSProxy","2"
"rust-fuzz","afl.rs","146"
"RustPython","RustPython","18517"
"kryptco","kr","297"
"OpenEtna","android_frameworks_base","2"
"ZanderBrown","gnome-icon-preview","203"
"net3f","polkadot-1","2821"
"near","nearcore","4867"
"ddnet","ddnet","5"
"cobalt-org","kstring","2737"
"amar-crossml","metaplex_1.1.1","565"
"elan-ev","tobira","750"
"hoprnet","hoprnet","11"
"konstantinKim","metaplex-etherfuse","565"
"edu-as5yr0f","gogooingb","3722"
"stryke24","GildedRose-Refactoring-Kata","10"
"JetBrains","skija","18"
"jenetics","jenetics","5"
"earthly","earthly","1"
"serverless","serverless","3"
"gpanders","dotfiles","10"
"darwinia-network","bridger","3003"
"holochain","tryorama","137"
"bwhetherington","rscript-ace","1"
"google-research","google-research","1"
"maistra","envoy","44"
"kenny-thomas","pygments-main","341"
"riscv-android-src","platform-external-rust-crates-libc","3898"
"anttiollikkala","tdd-mooc-legacy-code","12"
"GaloisInc","saw-script","79"
"boltlabs-inc","zeekoe","1276"
"nikhilkadyan","mint","565"
"zbraniecki","unic-locale","546"
"graphql-rust","juniper","2586"
"weikengchen","new_zexe_for_documentation_search","2949"
"stratis-storage","devicemapper-rs","760"
"google","oss-fuzz","10"
"rust-lang-ru","book","2414"
"dandavison","delta","2049"
"mvanotti","fuchsia-mirror","13374"
"AarhusCrypto","Mozzarella","3739"
"StarBots-NFT","metaplex-lootboxs","473"
"lotide-org","lotide","911"
"shubham121297","orig","19"
"spp-a","spp-beta-auctions","565"
"sagv7824","metaplex","565"
"gretchenfrage","serde_python","1088"
"italoag","italo-web","3"
"hedonihilist","rustlings","853"
"garden","tree","2"
"alinush","aptos-core","19640"
"rdg80","flipperzero-firmware-m0d","8"
"ComposableFi","composable","2981"
"paulstansifer","unseemly","1818"
"caixtong","napirs","1468"
"rune-rs","rune","11113"
"OpenAPITools","openapi-generator","1123"
"sslab-gatech","Rudra-PoC","1318"
"nicklong21","aws-sdk-examples","1375"
"pop-os","just","1209"
"syiin","rustlings","848"
"canselcik","libremarkable","820"
"maoaixiao1314","gravity-treasurenet","329"
"suborbital","reactr","216"
"paritytech","parity-zcash","5084"
"indygreg","hg","16"
"danbamitale","hardhat-starter-demo","2"
"plotters-rs","plotters","2812"
"isucon","isucon11-qualify","6"
"amethyst","rlua","1047"
"graphql-rust","graphql-client","1454"
"Smithay","smithay","4362"
"frostyweb3","solana","27111"
"azf20","thegraph-hack","1"
"kpcyrd","sn0int","2343"
"interno1286","openvscode-server","6"
"metrue","fx","17"
"bitrubcoin-project","bitrubcoin","1"
"Avi999","testtoolchain2","2"
"yzernik","arti","3719"
"johnkerl","miller","7"
"analysis-tools-dev","static-analysis","48"
"Frommi","miniz_oxide","649"
"buo","dotfiles","6"
"albertogomesdasilva","nexts.js","1"
"ioflo","floscript_linguist","13"
"rust-lang","regex","791"
"rexengineering","istio-envoy","28"
"AdaephonBen","sawtooth-core-arm","1133"
"sopium","titun-hacl","51"
"enarx","enarx","3018"
"ebbieaden","AdenZeiCurve","2533"
"botondracz","botond.github.io","2"
"bslocum","github-move","3430"
"oceantroopers","spinnaker","3"
"raphlinus","pulldown-cmark","1151"
"rust-embedded","svd2rust","660"
"dbeecham","dotfiles","25"
"sambacha","mirror-arti","3719"
"BrackenW3","Atom-file-icons","2"
"LastWhisperXX","996ICU","11"
"AleoHQ","aleo-setup","3805"
"atomicvm","ZKRollups","1260"
"etclabscore","core-geth","8"
"timsueberkrueb","whisperfish","903"
"SasankaPanda123","serverless","2"
"paritytech","jsonrpsee","2117"
"maticnetwork","turbo-bor-lib","14"
"kaikramer","keystore-explorer","9"
"Actinium-project","Actinium","32"
"SteelCode23","MyNFT2","389"
"johnweldon","dotfiles.chezmoi","3"
"geneidy","cumulus","2047"
"Nabeelshar","win11React","2"
"crownemmanuel","testlib","1772"
"achimcc","rust-analyzer-project-json","36390"
"zahifarah","dev-bootcamp-hardhat","2"
"ZihengJiang","tvm-hago","348"
"blackbeam","mysql_async","1408"
"hushmirror","SilentDragonLite","21"
"FITOLOPEUNSOIX","CARGO","14806"
"achimcc","rust-analyzer-old","35521"
"softprops","hubcaps","1659"
"rjeli","solana-web3-deno","14"
"tezedge","node-fuzzer","7136"
"rohankumardubey","kerla","1790"
"tetcoin-staging","substrate-telemetry","146"
"json-e","json-e","225"
"linksplatform","Data.Doublets","1220"
"leomanza","dev-bootcamp-hardhat","2"
"rohankumardubey","buck","147"
"AND-Digital-Jemison","coderdojo-1-refactoring","12"
"miloradbozic","metaplex-v2","471"
"Marissccal","oraculoChainlink","2"
"dushaobindoudou","rust-static-server","3725"
"pitdicker","librsvg","6614"
"near","create-near-app","16"
"coop3254","dev-bootcamp-hardhat","2"
"Vocht","GildedRose-Refactoring-Kata","10"
"ralfbiedert","cheats.rs","5"
"getsentry","examples","2"
"aswinpj","Pygments","329"
"BlockSettle","BlockSettleDB","9"
"snowMan108","metaplex","464"
"rohankumardubey","examples","7"
"rubygems","rubygems","16"
"cenwadike","cen_lightning","3192"
"T-EXCHANGE","openethereum","33646"
"gutenye","gnote","26"
"crossterm-rs","crossterm-winapi","2780"
"gauteh","sfy","644"
"gltf-rs","gltf","2029"
"MauricioSo","-dev-bootcamp-hardhat","2"
"123vivekr","rustlings","857"
"probe-rs","probe-rs","4909"
"zhiminghufighting","inclavare-containers","180"
"taiki-e","pin-project","2921"
"jindo6996","hackto","6"
"toumorokoshi","greyhawk-language","770"
"tokio-rs","axum","1890"
"birkenfeld",".emacs.d","135"
"swindon-rs","swindon","1713"
"github1710518770","aptos-core","13283"
"rustdesk","rustdesk","1594"
"rust-lang","rust-forge","24"
"shawgerj","rust-rocksdb","1494"
"Teacher-Nash","VS-Code","2"
"OpenGMK","OpenGMK","954"
"filswan","multi-chain-payment","2"
"rockomatthews","rightcopy-sol","565"
"nomic-io","merk","1059"
"pikolabs","metaplex","439"
"rustcc","rustlang-cn","3"
"LyonsLab","coge","3"
"litemaker","snowbridge-nft","1467"
"mhanono27","-dev-bootcamp-hardhat","2"
"timjb","svd-image-compression-demo","5"
"petgraph","petgraph","1712"
"zenoofthefuture","spot","27911"
"Geal","nom","3222"
"brendannoble","Chainlink-Developer-Bootcamp","2"
"RagnarGrootKoerkamp","BAPCtools","2"
"nuclearprotocol","open-runtime-module-library","1326"
"fuafa","rustlings-exercises","872"
"swimmingyoshi","auction","565"
"compiler-explorer","compiler-explorer","47"
"starkleytech","pirl-2_0","4188"
"Mingyang-Li","substrate-api-playground","22"
"twistedfall","opencv-rust","6356"
"tendermint","tmkms","956"
"RocketSloth","NFT","379"
"AutomatedTester","browser-manager","2006"
"CounterpartyXCP","addrindexrs","1109"
"asciinema","asciinema-player","15"
"Leonidas-from-XIV","sandbox","2"
"AFLplusplus","AFLplusplus","30"
"smtcrms","996.ICU","11"
"CosmWasm","cw-plus","4287"
"cupOJoseph","plunderbot","2"
"fakecoinbase","ZcashFoundationslashzebra","1177"
"djc","askama","1452"
"penumbra-zone","penumbra","3601"
"mir-protocol","plonky2","6772"
"qazbekus","aptos","21877"
"xiaomaolau","swagger-api","91"
"egg-mode-rs","egg-mode","1591"
"figment-networks","learn-web3-dapp","19"
"jamiebones","OpynContractsDeployed","2"
"boardroom-inc","Subgraph-CompoundProposals","1"
"jonnytrex","dev-bootcamp-hardhat","2"
"winnie9197","chainlink-developer-bootcamp","2"
"maroider","winit-ci","4300"
"glassdimly","spacex-launches-nextjs","1"
"eqlabs","ziggurat","1139"
"starcoinorg","stargate","4544"
"time-rs","time","2133"
"alekseinovikov","rustlings","876"
"gkm2164","rustlings","782"
"LeastAuthority","plumo-zexe","3372"
"alatiera","gnome-podcasts","3007"
"rust-skia","rust-skia","5317"
"geneho","dev-bootcamp-hardhat","2"
"gabriel376","exercism","140"
"taosdata","TDengine","70"
"evannetwork","vade-evan","848"
"khirayama","learn-computer-science","7"
"revault","revaultd","703"
"cmxc2006","996_ICU","1"
"yuyongpeng","parity-ethereum","28126"
"aldanor","hdf5-rust","2517"
"deealdeen","metaplex","379"
"tetcoin-staging","openethereum","29964"
"rusterlium","rustler","1400"
"notagshen","test","1376"
"hacktoberfest17","programming","16"
"J0s3f","rt-n56u","151"
"sagiegurari","duckscript","1315"
"rust-bitcoin","rust-secp256k1","602"
"frewsxcv","rgis","1258"
"bnb-chain","bsc-erigon","16"
"ranyadshalom","vimrc_clone","1"
"cn007b","stash","39"
"ebenefuenf","parcel","15"
"drahnr","cargo-spellcheck","1795"
"NixOS","nix","72"
"baladevi2908","trial","1"
"iqlusioninc","tmkms","1120"
"tellor-io","tellorscan","2"
"AcalaNetwork","Acala","8796"
"planet-s","libtest","682"
"roblabla","rust-libstd","16447"
"lib-ruby-parser","lib-ruby-parser","5012"
"shivmgg","PACE_tvm","556"
"cielavenir","codeiq_solutions","5"
"aurora-is-near","rainbow-bridge","275"
"crypto-forks","turbo-bor","16"
"leonwilson21","ece435","9"
"blackavg","rabbitmq-tutorials","17"
"paritytech","smoldot","5756"
"symon-nascimento","metaplex-lab","565"
"holochain","holochain","34069"
"zcash","librustzcash","4329"
"SardineFish","Sardine-Blog","725"
"bamdada","FL-VS-project","6"
"sohosai","sos21-backend","2337"
"bitcoindevkit","bdk","1293"
"deftsp",".emacs.d","1"
"chudenangcao2021","hw3-mattermost-webapp","1465"
"colinsteidtmann","dapplu-contracts","2"
"rohankumardubey","actix","3128"
"Urukleague","Mint","565"
"ajohnson10209","AOT-Fellowship","6"
"faimerth","geany-private","19"
"planet-s","winit","3877"
"qarmin","czkawka","1835"
"retr0-13","win11React","2"
"gattupallysrinu","helloworld","2"
"filestar-project","powergate","18"
"matklad","config","83"
"anrestbe","Bimbam","1695"
"Vdf-HumansInLearning","GildedeRose-Refactoring-Kata","10"
"Peltoche","lsd","1284"
"rohankumardubey","lyon","4470"
"LEESEOKJUN","my-metaplex","565"
"Haris9t8","solanamint","565"
"mit-dci","lit","2"
"dimensionhq","volt","2372"
"jaeming","rustling_solutions","836"
"athas","EggsML","18"
"staccDOTsol","fixplex","440"
"envoyproxy","envoy","60"
"Twiggecode","Integer-Sequences","1"
"actix","book","3319"
"rust-rocksdb","rust-rocksdb","1153"
"alanckeegan","exchangeweekendproject","3"
"emergenetwork","darwinia-common","2299"
"InPlusLab","Meepo","33805"
"qdrant","qdrant","3205"
"doomemacs","doomemacs","6"
"reecen96","mp4-upload","473"
"qwertyuiopcode","trezormirror","14"
"habnabit","haberdasher","5522"
"Cardinal-Cryptography","aleph-node","1326"
"ArtiomR","GuildedRose","10"
"facebookexperimental","rust-shed","701"
"fakecoinbase","celo-orgslashcelo-blockchain","924"
"andrey-yantsen","plex-api.rs","604"
"d-podkorytov","suricata-sc","287"
"coreos","rpm-ostree","377"
"spedroza82","helloworld","2"
"project-serum","anchor","1949"
"containers","youki","3019"
"JackDrogon","CodingEveryday","32"
"kosaurang","google-research","1"
"LeastAuthority","aleo-setup","2005"
"fristonio","tor","95"
"eqlabs","pathfinder","1615"
"tlc-pack","tenset","523"
"before-commit","before-commit","4"
"hkbudb","slimchain","1315"
"paritytech","parity-wasm","1501"
"rust-bitcoin","rust-bitcoin","2070"
"joharasmus","blazed","8281"
"move-language","move","18029"
"garrettgu10","ct-wasmtime-2","13013"
"moroso","compiler","1871"
"joseandres8","ProyectoColores_JyA","1374"
"lsaether","k","1230"
"corso75","rust-lang","190422"
"adoriasoft","polkadot_cosmos_integration","914"
"DragonCapsule","DOMELAND","27426"
"rohankumardubey","hyper","1415"
"cgerum","tvm_tutorial","589"
"solana-labs","solana-program-library","3799"
"gladiaio","gladia","94"
"BurntSushi","ripgrep","715"
"open-telemetry","opentelemetry-rust","1971"
"multifacet","cbmm-runner","1951"
"lostystyg","libdatachannel","9"
"game-loader","own_doom","6"
"Akagi201","rustlings-solutions","870"
"varlociraptor","varlociraptor","2087"
"pfcoder","ctt","22262"
"jamesblacklock","wasmer-singlepass-v2","19486"
"reedhhw","now-examples","9"
"rohankumardubey","chainlink","187"
"beater-rs","librespot","2100"
"Aniket965","Hello-world","25"
"tylov","STC","6"
"jonnycrunch","c9","10"
"neodyme-labs","solana-explorer","33048"
"bazelbuild","rules_docker","1"
"blitz-js","blitz","11"
"nuta","resea","798"
"DiegoAlanis","next.js","1"
"frewsxcv","tor","140"
"oasisprotocol","oasis-core","4037"
"rdcoin","Smart-contrac","187"
"florian-gustin","esgi_rustlings","840"
"yutaro-elk","rustlings","766"
"ccmStar","ccm-star","1484"
"metastatedev","phase2-bls12_381","1277"
"twilight-rs","twilight","1639"
"atsamd-rs","atsamd","51313"
"visinha","hello","2"
"KTH","slumps","40"
"Clearlove-X","vscode-github","2"
"tomjrtsmith","gamma-protocol","2"
"veracruz-project","wasmtime","14001"
"vladovel","knative-docs","5"
"sharkdp","fd","937"
"relulz","Shortwave","1991"
"dpc","rdedup","924"
"parmance","tvm","211"
"w3f","polkadot","1771"
"lilmomoi","tor","250"
"openmls","openmls","3873"
"MaxGraey","as-bignum","2"
"streamingfast","substreams-playground","604"
"chinedufn","percy","1275"
"shadowsocks","shadowsocks-rust","4362"
"lilydjwg","swapview-rosetta","82"
"tox-rs","tox","3830"
"eatnumber1","goal","1"
"XAMPPRocky","tokei","719"
"trailofbits","dylint","715"
"openvapory","openvapory","32174"
"tokio-rs","mio","2806"
"veracruz-project","num-traits","805"
"google","ci_edit","25"
"Marwes","combine","1829"
"rbs-forks","keystone","100"
"pontem-network","dove","2440"
"sqlparser-rs","sqlparser-rs","1112"
"h77h7","tvm","545"
"AngelLozan","Candymachine","565"
"drcarpio","hardhat-starter","2"
"kekloldyormarket","p33pos","439"
"atomic-factory","parity-bridges-common","2167"
"thinksmart-arch","frist_project_hardhat_chainlink","2"
"Supercolony-net","ink-seminar-workshop","69"
"dada-lang","dada","1630"
"19970126ljl","tvm_licm","556"
"jpmti2016","figment-solana-learn-web3-dapp-tutorial","19"
"identity-com","on-chain-identity-gateway","215"
"NixOS","ofborg","1186"
"cdluminate","MyNotes","21"
"PerfectLaugh","wasmer","18707"
"ytdbuolf","unimoon-stability","28954"
"light-curve","light-curve-python","1536"
"rtoken-project","rdai-app","6"
"dzmitry-lahoda","lahoda-xyz","47"
"softdevteam","grmtools","1072"
"RGB-WG","rgb-node","2382"
"tommyegn","Chainlink","187"
"ElrondNetwork","sc-dex-rs","3480"
"askymore","Antox.sdk","2"
"askymore","SigTox","1"
"CertainLach","jrsonnet","1340"
"askymore","Antox-local","2"
"paupino","rust-decimal","794"
"lluki","tonic-test","1554"
"0x20bf-org","0x20bf","14"
"universal-ctags","libreadtags","24"
"krausest","js-framework-benchmark","40"
"UniqueNetwork","unique-chain","3135"
"MircomBAS","vscode","2"
"godotengine","godot-cpp","18"
"sailfishos-mirror","pygments","13"
"o2sh","onefetch","1094"
"SteelCode23","SteelCode23.github.io","389"
"demergent-labs","sudograph","904"
"ADT-Software","pyca-cryptography","2"
"charles-e","bh-safecoin-prog-lib","2977"
"integritee-network","worker","2769"
"canberk17","NFT-v.1","439"
"futurethang","ChainlinkBC","2"
"Beshario","realsense-examples","4"
"nickolay-kondratyev","vscode-examples","5"
"litemaker","evm","1886"
"eth-classic","go-ethereum","2"
"emergenetwork","parity-common","1434"
"Tahlil","figment-learn-solution","19"
"proggR","hardhat-starter-kit","2"
"ElementsProject","elements-miniscript","2137"
"ntex-rs","ntex-mqtt","1801"
"tetcoin-staging","polkadot","3385"
"gtk-rs","gio","3743"
"jvdwrf","tonic","1570"
"ms-jpq","sad","812"
"humberto-garza","VideoJuegos","2"
"hedgewars","hw","1415"
"console-rs","indicatif","865"
"Clusterfuzzlite","oss-fuzz","10"
"YXL76","cloudmusic-vscode","129"
"rust-num","num-derive","676"
"Gluing","Glubbers","449"
"brockelmore","rust-cevm","1699"
"hust-wuwechao","mxnet_888888888","38"
"amling","rlife","1639"
"antoyo","relm","2532"
"nomic-io","orga","2212"
"qbzzt","opengsn","6"
"LeRouxAdrien","Rust","3163"
"lightningdevkit","rust-lightning","3694"
"r41k0u","DyNFT","565"
"veracruz-project","libc","4617"
"lunaryorn","mdcat","562"
"starcoinorg","starcoin-framework","94"
"Rahul7171","DSA-BOOTCAMP","9"
"smartcontractkit","chainlink-solana","272"
"biojet1","librsvg","6626"
"begonaguereca","vs.code.second","2"
"ErranMorad","RUST-RPC","2033"
"hexiuqi","mytest03","911"
"nervosnetwork","ckb","17592"
"zloslavistefeev","solana-art","389"
"bluemonkey9241","metaplex-foundation-metaplex","565"
"Techwizz-somboo","Rustycraft","3304"
"dio","hakunamatata","1"
"kagis","pgblackboard","765"
"FindoraNetwork","zei","3696"
"mozilla","grcov","640"
"iankookane","fuzz-firecracker","1814"
"alexcrichton","ssh2-rs","518"
"manthanabc","rustlings-solution","883"
"musereum","musereum","23582"
"zeroDivisible",".emacs.d","5"
"haoyang9804","tvm-exp","591"
"jakeysol92","dene","565"
"PatrickAnnie","TVM_for_CIM","523"
"akrai0ws","996icu_996.ICU","11"
"noble3636","test","2"
"gsora","tendermint-rs","2030"
"Luminarys","synapse","2561"
"iqlusioninc","yubikey.rs","231"
"tetcoin","pro","4048"
"Adenilson","prototype-viewing-distance","20264"
"devopsforarshan","hello-world","2"
"restyled-io","restylers","2"
"Cattudus","NFTCloth","439"
"artmakh","rdkafka-old","1189"
"palmtoy","Exercise","8"
"dbdxnuliba","iit-","25"
"Jniecor","escenario2","1374"
"andygrove","how-query-engines-work","1392"
"tcoinx","Libra","1773"
"playbar","gllearn","26"
"darrow-olykos","rustlings-solutions","820"
"bomlinh","solana-nft","565"
"cupOJoseph","super-random-EVM","2"
"PaulFidika","spl-token-test","3620"
"cartesi","arbitration-dlib","163"
"sudograph","sudograph","904"
"b6gpmme","chainlink-multisig","2"
"rust-lang","crates.io","5335"
"gpgkd906","date_component","24"
"networkprotocol","netcode","280"
"aatxe","irc","1322"
"XP-NETWORK","polkadot-wraptoken","4330"
"kak-lsp","kak-lsp","932"
"gbdev","pandocs","12"
"sharkdp","bat","1401"
"shalinCS","UTNFT-Beta","381"
"bpasero","vscode-custom-editor-tour","6"
"coding-horror","basic-computer-games","173"
"delafields","rustlings","895"
"notify-rs","notify","746"
"skanev","playground","25"
"google","tarpc","1261"
"linbird","ncspot","1264"
"k8s-docs","knative-documentation","5"
"NXPmicro","neo-ai-tvm","549"
"fky2015","finality-pbft","793"
"matter-labs","eip1962","1411"
"rust-bio","rust-htslib","761"
"everlend","solend-program","1992"
"meilisearch","milli","2922"
"kyleburton","sandbox","67"
"dannasessha","zcash-programmatic_rpc_help_output","61"
"ledgerwatch","erigon-lib","16"
"CloudNFT","dev-bootcamp-hardhat","2"
"dustlang","dust-forge","24"
"filecoin-project","ref-fvm","2924"
"songzLi","coded_merkle_tree","4546"
"chaintope","esplora-tapyrus","1972"
"ksdc2020","helloworld","5"
"tedmarov","chainlink","187"
"fafhrd91","ntex-h2","2181"
"LimeChain","etherlime","6"
"prisma","prisma-engines","25644"
"mmtk","mmtk-core","2594"
"lbogdan","codesandbox-client-drone","2"
"rosenhristov","rabbitmq-tutorial","17"
"Zondax","ledger-zcash","283"
"ashocky","vscode","6"
"goldenstar07","metaplex","469"
"ndebrouwer","AztecUniswapV3Bridge","1"
"vitiral","notes","338"
"near-daos","sputnik-dao-contract","303"
"rust-lang","www.rust-lang.org","216"
"celo-org","optics-monorepo","947"
"davidtwco","veritas","1"
"phil-opp","blog_os","572"
"CDevOp","Vscode","2"
"compound-finance","cumulus","1096"
"client69","Hacktober-Open","2"
"PLSysSec","wasmtime-spectre","9840"
"fastly","cli","5"
"opynfinance","GammaProtocol","2"
"rust-lang-nursery","rust-cookbook","9"
"nrf-rs","nrf-hal","1263"
"koute","bytehound","643"
"cataska","factor","6"
"cowprotocol","services","2444"
"nyuichi","dot-keyword","5455"
"atomicvm","substrate","33392"
"aureoit","nft-marketplace","464"
"r3-os","r3","3755"
"luchenqun","avalanche-network-runner","14"
"exphp-share","Rocket-issue-48387","2408"
"sbnair","Substrate_ZeroknowledgeProof","1178"
"meilisearch","transplant","1997"
"jedecast","hhSaberNFT","2"
"bitfriend","rustdesk","1062"
"FizzyElt","rustlings_solution","781"
"rust-lang","rust-by-example","1631"
"openeuler-mirror","mugen","7"
"AastikM","HacktoberFest2020-7","1"
"QUANTAXIS","QUANTAXIS","371"
"planet-s","hyper","1406"
"tower-rs","tower","1085"
"sebosp","chartacritty","2164"
"pranathigundu","bamboo-test","2"
"BME-MIT-IET","iet-hf2021-regression","334"
"JimCodified","rustlings","660"
"rust-num","num-complex","703"
"facebookexperimental","MIRAI","3944"
"sam-yi","how-many-bites-2","2"
"cloudflare","lol-html","3326"
"decenomy","CFL","6"
"Tzikas","squares","1229"
"emergenetwork","darwinia","2998"
"floss50","keeper-experimental","4"
"vi","websocat","1321"
"Aviksaikat","WalkThroughs","3"
"gbryant-arm","wasmtime-0.27","12611"
"datafuselabs","openraft","2121"
"hyperledger","grid","2797"
"georust","geo","2315"
"bicistits","mmcgrana","7"
"snehashyna","Rocky","5604"
"scotato","gnomies","6"
"llogiq","llogiq.github.io","2"
"owen7005","node5-etc","25107"
"denoland","deno","1955"
"HaliteChallenge","Halite","6"
"sfackler","rust-postgres","4470"
"Aartisarode","Hello_World","4"
"MikeOfTheGalaxy","StuperheroKINFT","565"
"letzLink","testing","459"
"RNAcentral","rnacentral-import-pipeline","96"
"MystenLabs","sui","3918"
"dalance","procs","1501"
"grahamc","ircbot","628"
"kenve","cloud-code","6"
"turingarena","turingarena","1896"
"bhavyaweb3","chroma-cards","565"
"rajatguptakr2","ng-cordova","2"
"rohankumardubey","hermes","311"
"azintel","mymetaplex","455"
"yaobao1993","emacs","1"
"alirezaghey","rustlings.solutions","848"
"weikengchen","zexe-with-to-constraint-field","3044"
"dduan","duan.ca","60"
"13718462100","996.ICU","1"
"springlobby","springlobby","2"
"muhammadali8767","rabbit_php","17"
"CandyRoms-staging","development","38"
"bitcoin-ultimatum","btcu-evmc","202"
"amethyst","specs","1651"
"mirage335","ubiquitous_bash","2"
"pest-parser","pest","2004"
"RayMarquina","dbt_project","82"
"aniketrangnekar","Framework","206"
"xiongsongsong","c9","9"
"dekellum","hyperx","2634"
"toothbrush","Spotiqueue","33"
"rust-lang","docs.rs","2927"
"aviramha","ormsgpack","600"
"bitwarden","clients","18"
"szmtjs10","assimp","149"
"fakecoinbase","zcashslashzcash","12"
"RoundedCorners","tao","5386"
"niravsavani","trow","1242"
"geopino","dev-bootcamp-hardhat","2"
"lumol-org","lumol","3537"
"Wright-Language-Developers","Wright-lang","1713"
"ordian","open-ethereum-ci-experiment","31725"
"rust-lang","prev.rust-lang.org","59"
"outmove","nopetgraph","1672"
"image-rs","image","3458"
"GNOME","gtksourceview","2"
"suguru03","leetcode","66"
"wikimedia","labs-libraryupgrader","5"
"Actinium-project","Actinium-ng","82"
"TimelyDataflow","timely-dataflow","4136"
"msoos","cryptominisat","6"
"warmilk","mySuricata","934"
"lacker","kata","8"
"emeraldpay","emerald-wallet","17"
"Abraham4242","dev-bootcamp-hardhat","2"
"arfacamble","gilded-wose","12"
"metrics-rs","metrics","957"
"dekellum","marked","758"
"johalun","sysctl-rs","138"
"SiegeLord","RustAllegro","1688"
"commercialhaskell","stackage","20"
"FSTDT","more-interesting","432"
"agrover","linuxdm","760"
"effektio","effektio","269"
"Bram-Hub","aris-java","412"
"Riey","kime","974"
"tuturu-tech","Chainlink-Bootcamp","2"
"femtovg","femtovg","1382"
"RoaringBitmap","roaring-rs","1003"
"wemsx","win","2"
"input-output-hk","chain-libs","5805"
"robinm42","dev-bootcamp-hardhat","2"
"cameleon-rs","cameleon","3006"
"manuel-rhdt","harfbuzz_rs","260"
"dustlang","developers.dustlang.com","214"
"palomachain","paloma-rs","914"
"cyntran","my-rustlings-solutions","873"
"eastack","pensieve","2003"
"SOLProprietor","Dapper-Labs","565"
"rust-lang","libtest","682"
"rust-windowing","winit","4503"
"maidsafe","sn_routing","14963"
"algorithm-archivists","algorithm-archive","80"
"xxxtrillionarie","google_research","1"
"KonnexionsGmbH","ora_bench","26"
"pingcap","website","56"
"iotaledger","stronghold.rs","4060"
"rohankumardubey","qsv","1813"
"Tyscauri","scauri","2112"
"thurn","Spelldawn","2777"
"fluencelabs","examples","382"
"PallaviVedpathak","Hello_World_Testing","4"
"aoticwise","zorack","2"
"fleetfs","fleetfs","1179"
"gicLAB","tvm-GSPC","275"
"JMCX-group","SealDNA","8"
"starship","starship","2464"
"c8hunderscore","selfrenity","5656"
"docker-library","official-images","1"
"AYCH-Inc","aych.hyperursa","2047"
"jessfraz","tor","258"
"fafhrd91","postgres","4251"
"oxidecomputer","hubris","1202"
"rust-lang","git2-rs","2145"
"ayushmishra2005","cumulus-0.9.11","1250"
"rust-lang-cn","rust-by-example-cn","1979"
"ihocher","GuildedRose-Refactoring-Kata","12"
"input-output-hk","jormungandr","13030"
"amar-crossml","metaplex-latest","565"
"PirateNetwork","librustzcash-multicoin-sdk","3584"
"gussmith23","glenside","1393"
"ibokuri","zig-by-example","7"
"rot256","rustls","1433"
"DancingAxolotl","parity-contract-listener-poc","29459"
"uchuugaka","pygments","341"
"signalapp","mio","2183"
"liljencrantz","crush","5223"
"flyingcircusio","nixpkgs","9"
"psychonautwiki","pw-telegram-bot-fork","1230"
"pratikfegade","cora","211"
"dmerejkowsky","bwataout","132"
"glguy","irc-core","10"
"Mustafiz04","Contribute-to-HacktoberFest2021","2"
"jarretmoses","chainlink-dev-bootcamp-hardhat","2"
"Correia-jpv","fucking-awesome-rust","99"
"stm32-rs","stm32h7xx-hal","1409"
"BellerYee","acalanetwork","3381"
"TinkerBoard2-Android","external-rust-crates-libc","3888"
"ipetkov","conch-runtime","2545"
"tetcoin-staging","async-std","1901"
"mwchase","python-structured-data","3"
"jam1garner","binrw","1815"
"rp-rs","rp-hal","791"
"XNmoon","Rust","572"
"hans-lizihan","js-benchmark","66"
"github","licensed","1"
"SergioBenitez","Rocket","5702"
"jaskarannagi19","aw-server-rust","1041"
"ingoglia","tor_tickets","53"
"Sifchain","peggy","18"
"BurntSushi","termcolor","466"
"sagpant","assimp","149"
"RustCrypto","hashes","1107"
"facebook","hhvm","8313"
"neverware-mirrors","flatbuffers","138"
"Rust-SDL2","rust-sdl2","2914"
"digitalnativeinc","quasar-cosmwasm","186"
"terror","solutions","47"
"hirosystems","gh-action-testing","11583"
"webb-tools","arkworks-gadgets","1674"
"diwic","dbus-rs","1836"
"donbt2","win11React","2"
"rohankumardubey","exa","2008"
"simd-lite","simd-json","1098"
"tetcoin-staging","trie","1481"
"chadmiller","tor","222"
"mitra-anirban","devops","2"
"hep-rs","boltzmann-solver","1186"
"hrkfdn","ncspot","1290"
"jarviswwong","tor","257"
"ailisp","near-wasmer","20045"
"Robbiekruszynski","truffle_infura_box","2"
"sparkflows","sparkflows-docs","1"
"litegraph","indexer","6"
"courtesyAstronaut","dev-bootcamp-hardhat","2"
"AnastasiaPoli","solona","2964"
"napi-rs","node-rs","156"
"sriharsh1104","metaplex-nft-with-wallet","565"
"labring","sealos","11"
"Okiki-Olugunna","dev-bootcamp-hardhat","2"
"Kuadrant","limitador","532"
"bmwcarit","joynr","2"
"linzac03","dev-bootcamp-hardhat","2"
"rust-lang","crater","2746"
"w3f","polkadot-registrar-challenger","2852"
"AlayaNetwork","Alaya-Go","28"
"py2many","py2many","307"
"taketakeyyy","atcoder","6"
"jsalmat0910","escenario2","1374"
"pavelkrolevets","parus","1683"
"krallin","hyper-02","3515"
"xtonousou","xtonousou.github.io","4"
"soujanya3845","react-widget","2"
"rusqlite","rusqlite","2180"
"graphprotocol","indexer","8"
"95th","btrs","1649"
"microsoft","ebpf-for-windows","2"
"bokuweb","docx-rs","1963"
"gilyas","serverless","2"
"esrlabs","northstar","1803"
"AstarNetwork","ZKRollups","1260"
"rust-lang","blog.rust-lang.org","44"
"lindera-morphology","lindera","447"
"Qualik","rustlings_exercises","747"
"rust-lang","rust-gha","315060"
"BlockSettle","common","6"
"decentology","dappstarter-core","1"
"alacritty","alacritty","1568"
"fortran-lang","fpm","33"
"sailfishos-mirror","rust-winapi-rs","7030"
"iamwwc","learn-mio","2683"
"rust-lang","mdBook","1555"
"yshui","deai","14"
"c-spider","webapp.rs","590"
"torproject","tor","284"
"PatrickAlphaC","foundry-play","1"
"vladh","glad","64"
"ekiden","ekiden","2065"
"UsamaHameed","rustlings-solutions","780"
"KJK-Nice","dev-bootcamp-hard-hat","2"
"oneblocktest","substrate2","20568"
"sudantul","msquic","4"
"paritytech","cachepot","1796"
"xcodebuild","iProxy","10"
"bodil","im-rs","982"
"rustls","rustls","3747"
"sile","efmt","1539"
"keyboard-clacker","Juliet","2"
"woozzzzy","frontier","1361"
"JonJagger","cyber-dojo","17"
"sheida1","sheida1","2"
"yisun-git","Hypervisor_on_FC","1219"
"tcdi","pgx","2213"
"near","near-sdk-as","2"
"sailfishos-mirror","shared-mime-info","3"
"nix-community","lorri","586"
"gridgentoo","evm","1879"
"sukonrat","new-sandora","464"
"zcash","zcash","192"
"emilybones","tor","258"
"websockets-rs","rust-websocket","1393"
"geode-lang","geode","2"
"edgedb","edgedb-cli","1906"
"DataHighway-DHX","node","1773"
"veracruz-project","rust-protobuf","2467"
"Jxck","jxck.io","13"
"worldcoin","signup-sequencer","596"
"y21","dash","2528"
"4630599","ng-cordova","2"
"bitwarden","desktop","6"
"scraiber","scraiber-frontend","40"
"isucon","isucon11-portal","44"
"admariner","cubemariner","1098"
"rohankumardubey","napi-rs","1196"
"shresthagrawal","learnp2p","675"
"e-monkeys-tech","rg3d","4922"
"hyperium","headers","2120"
"SpaceVim","SpaceVim","15"
"wenxcsstore","tvm.dx","597"
"Joystream","joystream","12597"
"crate-ci","cargo-release","477"
"mitsuhiko","insta","518"
"LGWingEmulator","external-rust-crates-libc","3898"
"HuangDayu","rust-learn","1631"
"surma","surma.dev","9"
"sile-typesetter","casile","282"
"DevSCNinja","rustdesk","875"
"light-curve","light-curve-dmdt","1525"
"jingpad-bsp","android_external_flatbuffers","22"
"tidelabs","stronghold.rs","2791"
"novifinancial","serde-reflection","728"
"arkworks-rs","algebra","3493"
"Rulial","CAPE-PI","1158"
"metapirate0311","aws-doc-sdk-examples","1291"
"pujabgl","API","9"
"remorablackflag","learn-web3-dapp","19"
"tadartefactorist","mask","1"
"deepmind","open_spiel","4"
"Canop","broot","3086"
"dtolnay","cxx","2887"
"kelvins","Algoritmos-e-Estruturas-de-Dados","54"
"shawntabrizi","substrate-collectables-workshop","529"
"10XGenomics","enclone","1252"
"datatrash","mos","1503"
"canlzz","leetcode","2"
"sjud","aque-sea-query","2078"
"clemens-ruettermann","osrm-backend-masterarbeit","19"
"tkwmtm","C9","9"
"pseyfert-cern-gitlab-backup","compiler-explorer","33"
"line","wasmvm","349"
"koute","stdweb","788"
"GuillaumeGomez","sysinfo","2140"
"josiahwebb","hardhat-starter-kit","2"
"talhadaar","kories-frontier-src","1900"
"woboq","qmetaobject-rs","837"
"turtl","core-rs","2059"
"Timothy1000","Timartwork","469"
"quacs","quacs","48"
"netlify","zip-it-and-ship-it","5"
"ris-2107","SgunRepo","565"
"async-graphql","async-graphql","6007"
"daily-co","gst-plugins-rs","4508"
"indygreg","python-zstandard","114"
"panchograblev","gilded-rose-kata","10"
"westonnelson","the-beets","1"
"It4innovations","hyperqueue","3756"
"akalmykov","radicle-ceramic-profile","349"
"statrs-dev","statrs","1473"
"guijunchen","solana-program-library","2688"
"paritytech","parity-processbot","1152"
"ykjit","yk","656"
"rohankumardubey","lsd","1138"
"qTox","qTox","2"
"aion-jacky","test","25453"
"Voldemort373","CP","9"
"informalsystems","tendermint-rs","2106"
"abigger87","meme-num","1"
"Acidburn0zzz","redox-git-lab","1772"
"tetcoin-staging","parity-bridges-common","2276"
"crlf0710","tex-rs","8715"
"SettarovAli","solana-figment-101","19"
"driftluo","tentacle","2496"
"antonyb","dev-bootcamp-hardhat","2"
"acmfi","AdventCode","119"
"end-state","metaplex","565"
"paritytech","ink-playground","613"
"kevgo","tikibase","1496"
"carboclan","LSDai-dapp","6"
"cx20","webgl-test","15"
"gilyas","serverless-examples","2"
"coredns","coredns","25"
"shinh","test","3"
"TaylorPhebillo","GildedRose","10"
"liquality","chainify","12"
"veracruz-project","compiler-builtins","635"
"aisamanra","liblibc","2363"
"torpluston","tor","256"
"ttencate","papageno","1"
"dimforge","rapier","3106"
"ElrondNetwork","docs.elrond.com","10"
"cutechan","cutechan","15"
"StanfordLegion","legion","102"
"sofwerx","tor","189"
"VSaliy","opengrok","14"
"rust-lang","rust-semverver","986"
"tvdg45","found-it-14","1"
"hanwencheng","Substrate","19841"
"neverware-mirrors","rust-url","1226"
"bazelbuild","rules_rust","463"
"ImageOptim","libimagequant","301"
"DevSCNinja","anchor","1605"
"redox-os","kernel","3019"
"sol-farm","solend-fork-for-localnet","1957"
"getsentry","sentry-cli","2349"
"informalsystems","ibc-rs","5299"
"openstack","tripleo-upgrade","33505"
"bjorn3","rustc_codegen_cranelift","3981"
"h77h7","tvm-04.26","549"
"svenstaro","gamejam","23"
"philipktlin","regex","498"
"wmcnamara","crynn","168"
"librespot-org","librespot","2174"
"andybochmann","dev-bootcamp-hardhat","2"
"bpowers","simlin","1314"
"lixuelongxl","C","21"
"WebWorksCollection","c9core","9"
"atiwaripw","kubevirt","38"
"crypto-com","thaler","1711"
"zmrdltl","problemSolving","8"
"Dri99","rust-my-exercism","2329"
"leetesla","mymetaplex","565"
"input-output-hk","chain-wallet-libs","738"
"tetcoin","tetcore-telemetry","112"
"gnosis","gp-v2-services","2219"
"xgebi","Sloth","223"
"dustlang","mdBook","1374"
"64kramsystem","rust-game-ports","2920"
"GoogleChromeLabs","squoosh","63"
"containers","crun","3"
"spikecodes","libreddit","737"
"radareorg","radare2-extras","4"
"srkelly12","undergroundkingdoms.github.io","565"
"asraa","envoy-fuzzing-codelab","2"
"mobilecoinfoundation","rust-mbedtls","495"
"PaulFidika","metaplex","469"
"kdheepak","taskwarrior-tui","904"
"atom-community","atom-script","1"
"straightupjac","basic-nft","1"
"Wilfred","bfc","778"
"koehlma","momba","226"
"rust-windowing","glutin","2491"
"tetcoin-staging","frontier","1055"
"sambacha","foundry-rs","2054"
"shumbul","OpenGenus-cosmos","329"
"MephistoMMM","memacs","6"
"MightyDevKnight","solana_product","14"
"fight233","DThouse_cxd","21"
"sqlitebrowser","dbhub.io","11"
"psychon","x11rb","2711"
"EriFranca","basic-computer-games","64"
"iron-fish","ironfish","121"
"ethereum","evmc","195"
"orangeskyfighter","g","258"
"TinkerBoard-Android","external-flatbuffers","45"
"arxanas","git-branchless","2480"
"dgrunwald","rust-cpython","1559"
"RohanKapurDEV","metaplex-clone","456"
"eric-erki","Antox","2"
"shinh","ags","1"
"blockchainsllc","in3","864"
"hyperium","tonic","1581"
"nogoegst","tor","115"
"amethyst","rustrogueliketutorial","13252"
"Gravity-Bridge","Gravity-Bridge","262"
"ukvalley","solrect","1445"
"comit-network","xmr-btc-swap","2532"
"scrapy","protego","2"
"getsentry","relay","4382"
"EcoballChain","ecoball","33818"
"zcash","halo2","3249"
"DDNetPP","DDNetPP","5"
"JustRustThings","xmpp-rs","3177"
"mhkmcp","anchor","1927"
"openstack","charm-swift-storage","1508"
"JMariadlcs","chainlink-dev-bootcamp-hardhat","2"
"itsPiyushMaheshwari","Ethernals","1"
"CurtisMac","rustlings_course","784"
"vfx-rs","cppmm","411"
"jpastuszek","varnishslog","719"
"attorneycoverage","ac_client_codegen","89"
"simplivity","pre-commit","4"
"blackbeam","rust-mysql-simple","1300"
"coreos","coreos-assembler","8"
"adriEzeMartinez","alacritty","1568"
"TimelyDataflow","differential-dataflow","3361"
"fakecoinbase","CodaProtocolslashcoda","2"
"kjarex","Rocket","3821"
"willbryant","kitchen_sync","11"
"jneem","imbl","1050"
"zapfbandit","pyca-cryptography","2"
"U1tra-Labs","solana-program-library","3774"
"zengjiajun0623","dev-bootcamp-hardhat","2"
"EYBlockchain","zk-swap-ZoKrates","1992"
"alexwlchan","books.alexwlchan.net","155"
"tetcoin","tetsy-libp2p","4400"
"autozimu","LanguageClient-neovim","978"
"ggez","ggez","3851"
"Evanfeenstra","firefly-deeplinks","77"
"mobilecoinfoundation","mobilecoin","4323"
"cockroachdb","docs","56"
"rant-lang","rant","1323"
"HELIOS-Creators-Inc","helios-blockchain-master","565"
"kucherenko","jscpd","6"
"waranyu26","rustlings","828"
"rust-lang","triagebot","793"
"ris-2107","sg2","565"
"timvisee","ffsend","1350"
"second-state","wasm-learning","454"
"NyantasticUwU","nstd","1184"
"ackintosh","sandbox","930"
"iamwwc","learn-tokio","5059"
"palliums-developers","Newnet","2153"
"mithril-security","h2-sgx","1988"
"foxford","event","1190"
"Ladyfolk","MetaplexLadyFolk","565"
"Johnlon","openapi-generator","483"
"bytecodealliance","filecheck","1488"
"kunpeng9","996icu2020-10-15","11"
"xaerru","NVelox","2"
"blaze33","droneWorld","18"
"xi-editor","xi-editor","2522"
"kevoliva","GildedRose-Refactoring","10"
"denisidoro","navi","876"
"lucapele","https-github.com-tokio-rs-tokio","710"
"EvaDev","Dev-Bootcamp","2"
"wolfet410","mint.battlepups.v2","565"
"laurensinger","dev-bootcamp-hardhat","2"
"aeternity","documentation-hub","70"
"imakash3011","HacktoberFest2020","1"
"olso4051","Math-UnLock","1"
"Displayr","tokio","5605"
"Dogenano-xdg","dogenano-node","12"
"tsg-ut","slackbot","33"
"ytakasugi","learning_rust","723"
"BIGG000","Awesome_Rust","18"
"aduros","wasm4","38"
"Veso-P","dev-bootcamp-hardhat","2"
"MAIF","izanami","13"
"moosapour-arash","nft-candy-machine","565"
"betrusted-io","xous-core","3417"
"mshankarrao","dev-bootcamp-hardhat","2"
"Javran","Thinking-dumps","267"
"Divyasahu15","hello-world","4"
"PyO3","maturin","1456"
"diadata-org","dia-substrate","24482"
"cronos-so","cronos","3832"
"rasky","r64emu","1236"
"benawad","dogehouse","2"
"denoland","deno_lint","2965"
"TheDan64","inkwell","2415"
"ockie1729","isucon11-qualify","4"
"ozkriff","zemeroth","1759"
"osohq","oso","1202"
"smartcontractkit","hardhat-starter-kit","2"
"werry216","yew","4938"
"conda-forge","motor-feedstock","2133"
"tetcoin","tetcore-playground","231"
"botika","yarte","2174"
"bastion-rs","bastion","1344"
"rokadias","dotfiles","36"
"PedroJuan91","learning-rust","804"
"rust-lang","glacier","1457"
"Schniz","fnm","282"
"wakatime","wakatime-cli","2"
"tetcoin","openvapory","33650"
"cartesi","machine-solidity-step","4"
"romanz","electrs","1422"
"sanjsingh07","private-blockchain","29809"
"fakecoinbase","SecurityMixerslashzcoin","90"
"enso-org","ci-build","1676"
"bazelbuild","continuous-integration","16"
"packit","packit","1"
"TinkerBoard-Android","external-rust-crates-libc","3888"
"Byron","dua-cli","850"
"SayWhat04","Gilded-Rose-Kata-Solution","12"
"aquiladev","ddns-action","1"
"yaxollum","RustXonsh","12816"
"oftc","oftc-atheme","1"
"rocorock","isucon_11_qualify","6"
"jacopomaroli","jsol-nft","565"
"Internet2-WG","rust-internet2","3893"
"programmerkgit","ace-typescript","1"
"Vishwadeep3561964","egui","6084"
"EventStore","EventStore","2"
"greaterninja","goat","27762"
"rohankumardubey","openethereum","33742"
"swissgeol","ngm","47"
"zcash","pasta_curves","1273"
"insilications","ripgrep-clr","715"
"jtescher","opentelemetry-rust","1678"
"reef-defi","polkadot-to-reef-ledger-transfer-ledger-app-polkadot","2"
"str4d","rage","978"
"tailhook","vagga","3485"
"geo-grpc","api","10"
"CommE2E","comm","7"
"metaplex-foundation","metaplex","565"
"rohankumardubey","enarx","1522"
"demergent-labs","azle","68"
"GTON-capital","susy-v2","1440"
"xin3liang","device_samsung_crespo","3"
"The-Actual-Damien","https-github.com-vercel-next.js","1"
"leoncamel","rust-rocksdb-cloud","1020"
"facundoreissing","dev-bootcamp-hardhat","2"
"hminid","padavan-ng20210510","151"
"mcao","hacktoberfest-2019","2"
"mozilla-services","autograph","16"
"ryujaehun","one-shot-tuner","501"
"servo","html5ever","2428"
"mcginty","snow","997"
"kaitai-io","ci_targets","1431"
"lohitkrishnan","bulletproofs-explore","808"
"EpicCash","epic-wallet","1211"
"Acidburn0zzz","gnome-builder","4"
"ahnbizcad","learn-web3-dapp","19"
"kidchenko","playground","1"
"sodiumoxide","sodiumoxide","1638"
"eriknson","metaplex-nft-storefront","466"
"getsentry","sentry-rust","1503"
"Legal-Dan","gilded_rose_ruby","12"
"hfiguiere","libopenraw","35"
"cryptoviet","gafi","1349"
"alephium","wormhole-fork","1405"
"doc22940","free-desktop-sdk","1"
"RustCrypto","traits","720"
"ethereum-push-notification-service","epns-ledger-dapp","2"
"hyperium","h2","2076"
"Thomasdezeeuw","heph","3860"
"SaladDais","Impasse","205"
"paritytech","parity-bridges-common","4299"
"luo4lu","Rust_codelist","62"
"lxj764758117","xi-editor","2400"
"returntocorp","ocaml-tree-sitter-semgrep","4"
"MaterializeInc","materialize","13401"
"fortanix","rust-mbedtls","526"
"public-awesome","launchpad","1206"
"yifeikong","garage","1550"
"rust-num","num-traits","904"
"ElektraInitiative","libelektra","310"
"smitrajput","DXCon","2"
"badboy","uniffi-playground","628"
"jakbtg","tdd-part4","12"
"lichess-org","fishnet","743"
"chaitanyamg","web_hook","3"
"fluret","RealPython","2"
"metaplex-foundation","metaplex-program-library","1016"
"Saumyashu","hello_world_testing","4"
"actix","examples","1659"
"mithril-security","image-sgx","3026"
"redox-os","cookbook","30"
"KDE","syntax-highlighting","2"
"rust-minidump","rust-minidump","917"
"galacticcouncil","HydraDX-node","1299"
"svix","svix-webhooks","231"
"Amanmourya007","smart-contracts","707"
"metronotes","metronotes","675"
"threefoldtech","tfchain","638"
"booksbyus","zguide","24"
"makroeze-msft","regex","483"
"fire","FrameworkBenchmarks","45"
"BulletinUr","https-github.com-project-serum-anchor","1888"
"r00ster91","rustlings","721"
"lilymara-onesignal","tokio","4222"
"garden","plugs","9"
"rostvavrick-sp","my-envoy","44"
"harkauh","helloW","4"
"su-linne","next.js","1"
"hyperium","hyper","3766"
"FreeFull","wtfemu","56"
"Astrier","chainlink","187"
"compound-finance","substrate","26187"
"zhiburt","tabled","1800"
"PistonDevelopers","conrod","4430"
"Smittyvb","smitop.com","6"
"puremourning","vimspector","1"
"emilk","egui","6857"
"mooman219","storm","3001"
"tetched","tetched-node","818"
"nanocurrency","nano-node","12"
"AleoHQ","snarkOS","16299"
"Payhon","rustlings_exercise","898"
"diggs1711","rustlings","764"
"esm-dev","esm.sh","181"
"rust-lang","rustup","3694"
"weikengchen","zexe_with_prepared_verifiers","2762"
"jainaman224","Algo_Ds_Notes","9"
"PirateNetwork","pirate","41"
"jvarilla","rustlings","835"
"yatima-inc","yatima-lang-alpha","1514"
"cloudflare","boring","4070"
"jmdx","TLS-poison","1947"
"kornelski","avif-parse","675"
"Armanilive","solana-web","12"
"rafasj6","ECDSA-Exchange","3"
"gear-tech","gear","4087"
"Josephdara","learn-web3","19"
"Aayush3thoughtwin","Blockchain_Solana","195"
"jtrejo16","metaplex","565"
"homdev","NFTMUSIK","565"
"akula-bft","akula","2349"
"nyyppa","bizfitFileServer","3"
"victorfernandesraton","grammer-4","20"
"manisit09","Manish-Test-1","25"
"datafuselabs","databend","52746"
"rust-console","gba","528"
"w3f","research","3"
"c19","tox","3864"
"arkwinta","dev-bootcamp-hardhat","2"
"liuchengxu","vim-clap","1436"
"droidian","squeekboard","541"
"ya0guang","tvm-wasm","514"
"slog-rs","slog","982"
"vvakame","til","1"
"LedgerHQ","app-equilibrium","12"
"robdmc","dot_files","1"
"AchimKO","ACETest","1"
"near","borsh","210"
"godot-rust","godot-rust","1990"
"mozilla","uniffi-rs","711"
"alfredgit220","darwinia","3327"
"symbol","trezor-firmware","2"
"testground","testground","1"
"OneKeyHQ","firmware","178"
"manuochoa","metaplex-UI","565"
"bottlerocket-os","bottlerocket","1495"
"ritorujon","GildedRose-Refactoring-Kata","10"
"tetcoin-staging","parity-bitcoin","4329"
"light-curve","light-curve-feature","1619"
"Julink-eth","chainlink-bootcamp","2"
"PlummersSoftwareLLC","Primes","68"
"amqp-rs","amq-protocol","1248"
"jleahred","katas","674"
"stm32-rs","stm32l4xx-hal","963"
"imgui-rs","imgui-rs","2290"
"eroc218","tor","180"
"Phoul","tor","202"
"actix","actix-website","685"
"greshake","i3status-rust","3287"
"dustlang","prev.rust-lang.org","59"
"rust-itertools","itertools","1766"
"mahadevswamy","algorthms","57"
"sigasi","sigasi_demos","25"
"ewirkerman","Halite-III","239"
"servo","pathfinder","2906"
"palantir","conjure-rust","1110"
"XiXinping","STEVE-rov","1"
"richo","stokepile","1261"
"eraserhd","parinfer-rust","437"
"amursyidi","dev-bootcamp-hardhat","2"
"angkoonhian","fintechHackathon","565"
"sushiibot","sushii-2","2251"
"solems","desktop","2"
"xun-project","tor","256"
"est31","mimas","786"
"lvyitian","RustPython_x86_32win_build","12686"
"AltijdShawn","codesandbox-client-edit","2"
"Rigellute","spotify-tui","942"
"hking2","GovAlpha-QV","4"
"erdos-project","erdos","1308"
"gridgentoo","tokio","4718"
"pimato","BC-DAPP","2"
"fzyzcjy","flutter_rust_bridge","1205"
"curoky","my-own-x","7"
"flxzt","rnote","3581"
"near","borsh-rs","319"
"facebookincubator","antlir","1363"
"algorithmiaio","dev-center","8"
"MichaelMuz","AnchorSolanaChangeNumber","1794"
"srpnt","dev-bootcamp-hardhat","2"
"TeamAround","gst-plugins-rs","5131"
"ruig2","kafka-codec","1434"
"rust-lang","vscode-rust","2"
"Neverwins","vs","6"
"Alexhuszagh","rust-lexical","4191"
"mmstick","packaging-deno","5983"
"suren319","metaplex-test","458"
"veracruz-project","num-integer","652"
"ffinazzi","odoo-docker-official","1"
"substrate-developer-hub","substrate-verifiable-credentials","758"
"JasonGross","pygments-main","327"
"ZcashFoundation","parity-zcash","5449"
"parsrijo","LeetCode","14"
"doukutsu-rs","ggez","2686"
"elichai","syscalls-rs","187"
"balajipcbe","rust-by-example","1631"
"ashocky","earthly","1"
"piyushnh","minglle-live","2"
"torusresearch","torus-extension","2"
"maxbachmann","RapidFuzz","6"
"avysk","My-Vim-Config-8","2"
"CaptainQuirk",".vim","2"
"guliashvili","Halite-III-Bot","256"
"svenstaro","miniserve","813"
"rosenhristov","hello-rocket","5604"
"aptos-labs","aptos-core","27137"
"shwetapawar5600","helloWorldTesting","4"
"Lucas-C","dotfiles_and_notes","2"
"AbhilashG97","tor","200"
"jorgecarleitao","arrow2","7065"
"itri-tvm","Relay2ONNX","463"
"ZachNewbery","CS3099-A9","888"
"feather-rs","feather","6461"
"getzola","zola","2428"
"textileio","powergate","18"
"KingEmm1227","eMm","34"
"dani-garcia","vaultwarden","1692"
"Keats","tera","1605"
"ExpHP","rsp2","2614"
"fdehau","tui-rs","1286"
"fedor3825","nosana-testnet-solana","33044"
"neftjs","parcel-bundler","10"
"Snowfork","snowbridge","1448"
"sifraitech","kzg","2513"
"Zondax","ledger-oasis","4"
"captgao","tvm-de10pro","556"
"radareorg","radare2-r2pipe","48"
"JakobR",".dotfiles","2"
"jhertz","libAFL","3239"
"weurus","IntelRealSense","4"
"tokio-rs","prost","1086"
"blockchain-analysis-study","ontology-analysis","8"
"secure-foundations","verus","3638"
"dropbox","rust-brotli","1773"
"sailfishos-mirror","rust-parking_lot","919"
"guns","haus","1"
"8042duffy","Next.js","1"
"sbeyer","plaisir","345"
"data-pup","cretonne-codegen-meta-dsl-refactor-dev","2707"
"rust-lang","backtrace-rs","637"
"aspns-civ","link","187"
"niklasf","shakmaty","2460"
"ddddddO","gtree","9"
"kongming123","996","11"
"primenumsdev","learn-web3-dapp","18"
"Skelt24","CMv2-SolDoodlepunks","565"
"volta-cli","volta","4836"
"svg-icons","svg-icons","143"
"Jmarvin-12","dev-bootcamp-hardhat","2"
"fishpt","rust_rand","3417"
"codereport","LeetCode","13"
"ngocbv","renec","30054"
"ryohawksclaw","librealsense","4"
"shuhan2","gilded-rose","10"
"aesteve","rustlings","758"
"boundarydevices","android_app_gallery2","9"
"microsoft","onefuzz","1186"
"ein-lang","ein","4001"
"atomic-factory","darwinia","2998"
"Thoronador","morrowtools","5"
"feters","quiche","1522"
"NLnetLabs","routinator","1490"
"sayanarijit","xplr","582"
"Auroizv","pruebas","780"
"sophie-h","pika-backup","1530"
"pop-os","upgrade","1216"
"olenleo","tdd_legacy_code","12"
"pen-lang","pen","4198"
"kenyue102008","win11React","2"
"JoshOrndorff","recipes","1070"
"Plume-org","Plume","2768"
"lowRISC","opentitan","153"
"redox-os","relibc","2983"
"cwlucas","substrate","1059"
"vapory-legacy","va","990"
"pkteer","sodiumoxide","1639"
"hiromipaw","tor","147"
"jquense","react-widgets","2"
"rust-unofficial","awesome-rust","102"
"brenopolanski","labs","1"
"nuta","noa","2051"
"quicklers","vscode-extension","5"
"department-of-veterans-affairs","va.gov-cms-test","3"
"universal-ctags","ctags","27"
"996icu","996.ICU","21"
"kavniekerk","neovim-gtk","1095"
"rockomatthews","rightcopy-solana","565"
"quantumprotocol","evm","1886"
"Dengjianping","816","23995"
"brotzeit","rustic","11"
"duniter","duniter-v2s","1191"
"deepaklahane","spinnaker1","3"
"allegrofb","tvm_v0.8","590"
"namnhGru","hardhat-st-kit","2"
"LedgerHQ","app-dock","2"
"muteio","NixCore","34"
"jpshankle","mp","449"
"thanhphu","flatbuffers","19"
"aidenybai","million","2"
"rye","distringo","511"
"astina-co","custom-librealsense","4"
"hemangandhi","derpspace","23"
"lettre","lettre","2511"
"openethereum","openethereum","33866"
"petrachor","petrachor","8"
"veracruz-project","stdarch","2455"
"gpathela","Charm_Meta","63"
"vaticle","typeql","15"
"paritytech","parity-bitcoin","4329"
"TransformationToolContest","ttc2018liveContest","14"
"jly36963","example-projects","100"
"bikeshedder","deadpool","733"
"JoongJePark","my-first-cw20-token","4212"
"interlay","interbtc-clients","2980"
"dustlang","dust-by-example","1631"
"fcmiranda","chainlink-dev-bootcamp","2"
"sailfishos-mirror","librsvg","6907"
"PolymeshAssociation","Polymesh","6192"
"zer0bin-dev","zer0bin","49"
"CamJN","dot-files","10"
"neondatabase","neon","2631"
"hroncok","shared-mime-info-3dprint","1"
"SadafShafi","MyMetaPlex","565"
"enso-org","enso-staging","10148"
"ramsayleung","rspotify","3300"
"Jasmine-liang","candy-machine","565"
"hnakamur","cargo-deb","13279"
"cberner","fuser","1019"
"FGRibreau","mailchecker","117"
"servo","surfman","2483"
"oxen-io","session-pysogs","574"
"tetcore","tetcore-verifiable-credentials","758"
"quicktype","quicktype","1"
"jbyrdku","Rust-language","189522"
"witnet","xmpp-rs","3180"
"valentecaio","torproject-tor","72"
"maolin-sen","rust-fil-proofs","5094"
"duckdb","duckdb-wasm","418"
"ksqsf","parity-ethereum","30929"
"caseycling","gildedrose-refactor","12"
"vngrp","dpg-gilded-rose","12"
"ryoshimizu","c9","3"
"angeleye","gst-plugin-rs","4590"
"ava-labs","avalanche-ops","1363"
"bincode-org","bincode","1142"
"kamyu104","LeetCode-Solutions","1"
"paritytech","frontier","1915"
"zeenix","zbus","2468"
"mithril-security","mio-sgx","2779"
"gridgentoo","firecracker","3125"
"ayushmishra2005","cumulus-0.9.10","1104"
"odeonus","mailchecker","66"
"apache","incubator-teaclave","3341"
"docknetwork","dock-substrate","933"
"m-labs","artiq","1999"
"kkeaveney","chainlink-hardhat-box","2"
"pyroscope-io","pyroscope-rs","821"
"itchysats","itchysats","2212"
"evopen","rustlings-answer","870"
"rust-num","num-bigint","1284"
"rubenmeester","fixprint","9"
"kamiyaa","joshuto","2875"
"taskchampion","taskchampion","1334"
"veracruz-project","num-rational","657"
"rohankumardubey","spinnaker","3"
"Tahlil","rustlings-exercise","800"
"slint-ui","slint","9198"
"rust-lang","rls","2409"
"ljedrz","pea2pea","1591"
"prayygu","Chainlink-Solidity-Developer-Bootcamp-Price-Exercise-Project","2"
"IsaacQ785","solanaTutorial","19"
"SecurityMixer","zcoin","90"
"net3f","schnorrkel","704"
"albert-achterkamp","kubeapps","28"
"bbatsov","solarized-emacs","3"
"serde-rs","json","1508"
"grame-cncm","faust","90"
"mjkoo-fas","smoltcp","1684"
"SchoolOfFreelancing","PolkaDot","1303"
"seanmonstar","reqwest","1306"
"josojo","zksnark-timings","541"
"rohhan","dev-bootcamp-hardhat","2"
"nical","lyon","4653"
"pingcap","kvproto","1578"
"rustsec","advisory-db","6"
"gleam-lang","gleam-compiler-ci-test","2655"
"mithril-security","crossbeam-sgx","4004"
"kingsleyayi","solana-mint-nft","565"
"wasmerio","wasmer","21402"
"lpetrea","jenkins-x","2"
"tauri-apps","tao","5263"
"roszac","amazontreeplatform","565"
"axsistecnologia","rabbitmq","17"
"nmstate","nmstate","271"
"indygreg","python-build-standalone","57"
"raghanag","OpenLineage","11"
"SpectralSequences","ext","2172"
"XingzheLi123","Exchange-Project","3"
"SeaQL","sea-orm","3838"
"maidsafe","qjsonrpc","3760"
"algorithmiaio","langpacks","229"
"near","wasmer","11270"
"0xProject","OpenZKP","4270"
"google","paco","2"
"exercism","rust","2286"
"Apekshamadavi0817","Day_1","4"
"input-output-hk","vit-servicing-station","1468"
"P4NTH3R333","OnlineWindows11","2"
"PkmX","rust","191463"
"Apekshamadavi0817","H1","4"
"sopium","titun","1245"
"spsforks","denoland_deno_snapshot_2021-03-11","7273"
"yunus-25jmi","vaultwardenyunus","1678"
"marionebl","pathfinder-experiments","2906"
"creait","metaplex","565"
"cprieto","pygments","329"
"leohowell","rustlings","865"
"dani69654","CoinFlip","1"
"pop-os","smithay","4420"
"rust-lang","compiler-builtins","832"
"epi052","feroxbuster","2032"
"ajour","catalog","112"
"tenajima","tena_rustlings","704"
"ElHurta","solfracts_project","565"
"mssabr01","rustlings","873"
"Rishabh510","SOLquest-candy-machine-v2","565"
"veriskope","rtmp-website","11"
"unixninja92","Tor","250"
"litemaker","polkadot","3385"
"skvadrik","re2c","91"
"Sherpa-Cash","phase2-bn254","1293"
"Byron","gitoxide","15533"
"mozilla","mp4parse-rust","805"
"Fonta1n3","FullyNoded","578"
"FieryCod","holy-lambda","3"
"hi-rustin","rustlings","845"
"Project-LegionOS","packages_apps_Launcher3","28"
"djaciel","hardhat-starter-kit","2"
"diegovaltrick","osrm-meli","19"
"nothbar","rust-protobuf","5780"
"CrackerCat","unicorn2-aosp10-1","102"
"umajessy","jenkinkinsgitintegration","5604"
"varadhodiyil","kibana-auth","4"
"topo-finance","iced","3037"
"Nemo157","dotfiles","7"
"tetratelabs","wazero","1"
"patrick-wc","dev-bootcamp-hardhat","2"
"szierhut","dev-bootcamp-hardhat","2"
"mesalock-linux","libc","3906"
"stanislav-tkach","os_info","625"
"qilingframework","qnicorn","58"
"mayweed","Sources","181"
"farcaster-project","farcaster-node","2840"
"chadxz","rustlings-solutions","782"
"jesseweed","seti-ui","2"
"trussworks","react-uswds","12"
"SecretFoundation","docs","416"
"aircloud","deno_no_ts","4863"
"Start9Labs","embassy-os","2002"
"logseq","logseq","6"
"khadas","android_external_rust_crates_libc","3888"
"rizinorg","rz-pipe","66"
"gyscos","cursive","4434"
"denisidoro","dotfiles","26"
"Vicfred","kyopro","455"
"tnvishnukumar","clamav","15"
"makroeze-msft","tokio-forward","950"
"gkkeys","rustlings","865"
"Blockstream","gdk","1428"
"google","crubit","834"
"DjNaGuRo-R2","sozu","4269"
"cossacklabs","themis","1"
"zefchain","serde-reflection","759"
"skailasa","distributed-trees","141"
"master-of-zen","Av1an","492"
"sdroege","gst-plugin-rs","5182"
"wafflespeanut","scripts","38"
"Shnatsel","binfarce","267"
"image-rs","imageproc","993"
"anikabagga","MetaverseGods","1"
"NLnetLabs","domain","2488"
"atomic-factory","substrate","28004"
"seunlanlege","tokio-tide","1255"
"Deland-Labs","fungible-token-standard","1058"
"Amanieu","parking_lot","919"
"jensnowww","solana-anchor","1118"
"kdwarn","rustlings-solutions-3","878"
"nstrike2","message-decentralized-app","1"
"TonyJiashiChen","wormhole-sdk","1030"
"fltk-rs","fltk-rs","5633"
"sapphire1896","xcrun-WindowServer","527"
"rtic-rs","cortex-m-rtic","2232"
"qibo-cn","vscode","6"
"openethereum","parity-ethereum","32528"
"seantking","hermes-temp-ica","3796"
"DethRaid","SanityEngine","17"
"stafiprotocol","ledger-stafi","2"
"iqlusioninc","crates","677"
"quickwit-oss","quickwit","3391"
"nomic-io","nomic","1367"
"colinsteidtmann","dappluV2","2"
"Molecule-Serverless","vsandbox-runtime","3"
"melpa","melpa","2"
"jody-frankowski","notes","2"
"iotaledger","bee","1743"
"rohankumardubey","just","871"
"basamajoe","dev-bootcamp-hardhat","2"
"antlr","grammars-v4","16"
"Phala-Network","khala-parachain","1928"
"ialexander28","web3-dapp","18"
"Coder-256","num-traits-flexible","832"
"BitcoinUnlimited","ElectrsCash","1345"
"SparkHao","fvm-demo","2729"
"hungtoong","padavan-ng","151"
"alexliesenfeld","httpmock","1662"
"alex-dixon","serde_edn","1056"
"OpenLiberty","guide-microprofile-rest-client","6"
"diem","diem","10842"
"akvadrako","sommelier","23"
"http-rs","http-types","1366"
"cliffano","swaggy-jenkins","619"
"overhead525","MetaMageFinal","2"
"Solwei","Solvi","28294"
"fosskers","aura","980"
"arycf","quicheCopy","1484"
"eqrion","cbindgen","2014"
"shuttle-hq","synth","802"
"spooch99","Rocket","3329"
"dashevo","rs-drive","2252"
"ggqshr","temptttt","38"
"tetcore","recipes","1058"
"Bigsby","aoc","199"
"IncrementalTransitionOfCCodeIntoRust","librsvg_c","14"
"violas-core","Violas","9237"
"apache","mynewt-core","1"
"golemfactory","clay","13"
"bifrost-finance","bifrost","3932"
"zk25796","ace","1"
"talhahasanzia","swagger-code-gen-clone","89"
"pdbartlett","misc-stuff","13"
"jathinreddy","realpython_materials","2"
"jlangvand","jucipp","2"
"SirElven8","NestEGG","6"
"Lit-Jesus","candy-fix","513"
"raid-guild","wethwrapper-web","2"
"jstymne","repo","4"
"quickpub","react-native-image-filter-kit","44"
"mozilla","cubeb-coreaudio-rs","1013"
"yellowHSE","2021_Rustlings","830"
"mjwall","dotfiles","2"
"facebook","fbthrift","519"
"demining","trezor-firmware-Google-Colab","386"
"Seatlab-dev","Forked-Near-Rust-Sdk","1842"
"PistonDevelopers","glfw-rs","1417"
"chainx-org","ChainX","4662"
"chipsenkbeil","vimwiki-rs","3106"
"nautechsystems","nautilus_trader","285"
"buttercup","buttercup-mobile","23"
"louis993546","rustlings","805"
"rsk0315","rsk0315.github.io","11"
"low901028","nom","3229"
"nichmorgan","rustlings-solution","771"
"TinkerBoard2-Android","external-flatbuffers","45"
"atomicvm","Astar","1523"
"uuid-rs","uuid","1078"
"GISerliang","redox","1772"
"nvanhoeck","gilded-rose-kata","12"
"omunroe-com","tor","254"
"vadimcn","vscode-lldb","902"
"kythe","kythe","340"
"jacobtest01","Rusty","2814"
"georgewhewell","nixos-host","68"
"algesten","ureq","803"
"tetcoin","async-std","1901"
"nuclearprotocol","polkadot","2821"
"rust-lang","team","229"
"mental32","monty","1723"
"PlutoFlume","deno","472"
"CoolProp","CoolProp","3"
"annjkai","firefly-task","79"
"HerringtonDarkholme","leetcode","879"
"lonnen","dotfiles","7"
"paullouisageneau","libdatachannel","9"
"PC100101","rustlings","658"
"jviotti","binary-json-size-benchmark","46"
"justisGipson","rustlings_work","768"
"JonathanVargasRoa","996-ICU","21"
"sagiegurari","cargo-make","2215"
"planet-s","ion","4243"
"dustlang","dust-semverver","907"
"brunopgalvao","substrate-001","34614"
"chronicled","substrate","24401"
"TheCollective","aocp_device_samsung_crespo","3"
"atomicvm","open-runtime-module-library","1412"
"solana-labs","solana","35521"
"DevSCNinja","Rocket","5630"
"ruxiliang","TVMDynMem","597"
"planet-s","compiler-builtins","725"
"build-trust","ockam","7522"
"aleph-zero-foundation","aleph-node","1197"
"omahajs","generator-omaha","4"
"rohankumardubey","git-branchless","1508"
"RealisNetwork","Realis.Network","3360"
"CS2552F-DOSA","Envoy","2"
"ruffle-rs","ruffle","12200"
"Calciumdibromid","CaBr2","458"
"maidsafe","bls_bulletproofs","923"
"rust-bitcoin","rust-miniscript","1525"
"topsmart20","metaplex","464"
"nmgbjyv","kvrehbwk-jr","2"
"blueedgetechno","win11React","2"
"grohling","Rocket","3769"
"aniksarakash","awesomo","5"
"maartenhvdh","aws-doc-sdk-examples","1371"
"bilelmoussaoui","ashpd","2267"
"sashaaldrick","ECDSA-Exchange-Chainshot","3"
"Degete","rustlings-solutions","865"
"Asher-Wang","envoy","2"
"technogav","grababite-1.1","2"
"embassy-rs","chiptool","735"
"krisograbek","hardhat-chainlik-playground","2"
"veracruz-project","rust-mbedtls","523"
"jzarnett","ece459","52"
"salsa-rs","salsa","1486"
"PeggyJV","sommelier","15"
"JulioZS","GildedRoseRefactoring","10"
"jblindsay","whitebox-tools","10342"
"substrate-developer-hub","substrate-developer-hub.github.io","8"
"achimcc","rust-analyzer-clean","36897"
"Smithay","wayland-rs","3187"
"toptaldev92","cryptograph","54"
"ailrk","trash","210"
"ashishch444u","spinnaker","3"
"dprint","dprint-plugin-typescript","543"
"shinh","elvm","4"
"asdf2014","algorithm","1"
"cjdelisle","cjdns","56"
"nuclearprotocol","substrate","20837"
"cartographer-project","point_cloud_viewer","1218"
"persistenceOne","persistenceCore","133"
"purefinance","mmb","6375"
"Alignof","pygments-rs","13"
"MAIF","otoroshi","240"
"snoyberg","snoyman.com","15"
"vectordotdev","vector","17786"
"lidofinance","lido-terra-contracts","1468"
"cortex","ripasso","699"
"Gypsy-147","metaplex","565"
"yipu0v0","rustlings","1010"
"public-awesome","marketplace","1023"
"ksheyon123","hyperledger_indy_tutorial","17331"
"xoiopure","vs-git","2"
"baedrik","serde-test","5619"
"spaceranger-lightyear","www.rust-lang.org","200"
"github","super-linter","2"
"ThatsNoMoon","pulldown-dmark","1093"
"rust-lang","reference","7"
"opaig2001","newtest","7671"
"tdryer","darkhttpd-rs","315"
"rust-ndarray","ndarray","3713"
"coin1111","ollibra","7253"
"virdagreat147","spp-house","565"
"Azure","draft-classic","3"
"awslabs","aws-sdk-rust","30658"
"hanksudo","hengenjizai","96"
"alexichepura","rustlings-solutions","865"
"iFrostizz","fether","3"
"x3193","c9","3"
"stratis-storage","stratisd","2769"
"jsoendermann","rustlings-solutions","782"
"x3193","ppsspp","13"
"nicktwk","dev-bootcamp-hardhat","2"
"paritytech","substrate-telemetry","1067"
"mlcomputation","materials","2"
"azuline","repertoire","3"
"veracruz-project","json","1134"
"joujiahe","rustlings","729"
"oasisprotocol","oasis-sdk","1118"
"rust-lang","rustc-dev-guide","25"
"CraneStation","wasmtime-wasi","1359"
"tetcoin-staging","substrate-playground","542"
"10XGenomics","orbit","68"
"JuliaSymbolics","Metatheory.jl","1"
"glowing-bear","glowing-bear","2"
"SunicYosen","tvm-rram","205"
"adlnet","xAPIWrapper","4"
"Friktion-Labs","Entropy","1755"
"interlay","interbtc","8132"
"K-G-J","hardhat-starter-kit","2"
"crustio","crust","1810"
"Stranger6667","jsonschema-rs","1635"
"RustAudio","cpal","947"
"smtcrms","buck","107"
"brntsllvn","rust-book-notes","62"
"darwinia-network","darwinia-common","5465"
"crazyrabbitLTC","punkTools","1"
"planet-s","ripgrep","523"
"siderdax","prisma4rpi4","23544"
"yasir27uk","example","2"
"mcb287","Halite2016","6"
"bucky32186","analysis","37"
"learnforpractice","evmone4eosio","8"
"RoskiDeluge","hardhat-starter-kit","2"
"sapio-lang","sapio-studio","7"
"rohankumardubey","rust-openssl","3988"
"chiselstrike","deno","8239"
"iotaledger","iota.js","3"
"ziydai","demo","3864"
"gluwa","creditcoin","822"
"apache","tvm","599"
"finos","perspective","1069"
"althea-net","althea_rs","3158"
"pastly","flashflow-v1-tor","198"
"tilt-dev","tilt","1"
"Berrysoft","tunet-rust","846"
"coral-xyz","anchor","1949"
"rohankumardubey","QuestdbSource","1"
"vcashorg","vcash","7365"
"9ary","dotfiles","2"
"brian-pickaxe","Hardhat_stuff","2"
"dustlang","blog.dustlang.com","40"
"shanedunne","ECDSA-Exchange","3"
"kube-rs","kube-rs","3002"
"austin-open-source","parking_lot","893"
"brotherschain","substrate","34801"
"Lyken17","tvm-hack","597"
"simoncozens","rust-font-tools","2232"
"sagpant","librealsense","4"
"marlinprotocol","abci-near","7227"
"lohazo","rustlings-solutions","838"
"pop-os","distinst","2164"
"sushantkumar23","metaplex-tutorial","565"
"cartesi","pos-dlib","27"
"mozilla-b2g","android-device-crespo","3"
"MozyOk","learn-web3-dapp-solana","19"
"ptrpwls","dev-bootcamp-hardhat","2"
"Montbra","dev-bootcamp-hardhat","2"
"nayeon21","secret-tutorial-setup","18"
"TheChamp1on","fair3d","441"
"Athelian","web-app-test","6"
"lapce","lapce","4694"
"gridsingularity","gsy-e","5"
"ajavageek","gilded-rose-rust","24"
"RustCrypto","block-ciphers","1136"
"unrelentingtech","dotfiles","10"
"tikv","raft-rs","1322"
"tangtao1989","Starknet-node","949"
"opaig2001","codecommitCODE","7671"
"abigger87","dog-money","3"
"rongfengliang","mycubejs","634"
"sailfishos-mirror","meson","53"
"junarwohn","tvm-0.7","464"
"ajaxorg","ace","1"
"berensaat","C-","54"
"geany","geany","19"
"stm32-rs","stm32-rs","220"
"mhaberler","pygments","341"
"brainflow-dev","brainflow","139"
"hayescody27","assignment-2-gilded-rose","12"
"P7-33","Matrix.com-P7-33-ApI.io","32832"
"ruma","ruma","15680"
"AztecProtocol","aztec-connect-bridges","1"
"engr-monirujjaman","aws-doc-sdk-examples","561"
"Kicer86","photobroom","11"
"honeyroastedturkey","GildedRose-Refactoring-Kata","12"
"13099130927","leetcode","3"
"FlameDestructor","win11React","2"
"umakanth1258","Helloworld","12"
"amethyst","rendy","2107"
"outline-insurance","apex","3"
"efficient","tokio","1574"
"oxidecomputer","omicron","3253"
"moshodi","Chainlink-setup","2"
"BQSKit","qsearch","210"
"Ralnoc","sbbs","2"
"Cisco-Talos","clamav","15"
"actori","actori","2612"
"celpa","celpa","2"
"rohankumardubey","swc","5286"
"the-ditanian-fleet","waitlist","192"
"Hansajith98","hacktoberfest2021-Excluded","1"
"l29ah","hedgewars-cheats","1135"
"OJIMA-YUKIYA","ojima-librealsense","4"
"servo","rust-harfbuzz","105"
"pygments","pygments","13"
"N3PDF","pineappl","1567"
"simsekgokhan","move-0L","15672"
"blockles","candymachine","469"
"0x00A5","Arti","4406"
"agarwalrounak","Hello-World","2"
"GoogleContainerTools","distroless","1"
"prabirshrestha","vim-lsp","18"
"icidasset","diffuse","9"
"gfgkmn","doomemacs","5"
"BHONetwork","metastudy-frontier","1581"
"shubhamkapoor01","learn-web3-dapp","18"
"Yonom","parity","25123"
"firoorg","firo","112"
"scrtlabs","SecretNetwork","2463"
"iotaledger","firefly","82"
"BVE-Reborn","rend3","3196"
"askucher","Velas-Blockchain-v2","33472"
"wujingqin","996","11"
"kulupu","kulupu","652"
"rust-lang","miri","12078"
"cwjie0229","vscode","1"
"renproject","multichain","37"
"ormi-fi","reputation-oracle","2"
"orcl777","dev-bootcamp-hardhat","2"
"RookAndPawn","pausable-tokio","5043"
"ballista-compute","ballista","1878"
"b-m-f","WirtBot","49"
"GambiarraFinance","viralata-subgraph","1"
"latticeapp","layerwallet","71"
"zzyongx","c-gist","9"
"lucifer1004","cp-wiki","31"
"bytebeamio","rumqtt","1757"
"JuliaPackaging","Yggdrasil","2"
"casey","just","1366"
"abigger87","RustAlgorithms","56"
"av1stego","rav1e","3516"
"xbl2022","keystone","67"
"gtank","zexe","3573"
"Bill8023","ICU","11"
"crystax","android-platform-ndk","10"
"smilefind","myWorkSpace","11"
"shwauby","vscode","2"
"immunant","c2rust","8125"
"nccasia","aw-server-rust","1112"
"chuan9797","Backup","2"
"mikedamay","v3-unforked","11"
"stencila","schema","107"
"rohankumardubey","zellijRepo","3238"
"dmerejkowsky","blog","2"
"eamicheal","TVMCloned080222","597"
"Devops555","relay","3637"
"BlockchainCommons","bc-tor","257"
"zwhitchcox","cruster","6"
"linkerd","linkerd2","274"
"CrackerCat","unicorn2-aosp10","89"
"enarx","enarx-keepldr","1372"
"SeaQL","sea-query","2227"
"calebjhenderson","dev-bootcamp-hardhat","2"
"cachecashproject","go-cachecash","25"
"planet-s","rust-url","947"
"cosmos","gravity-bridge","541"
"openshift","cincinnati-graph-data","28"
"pithanakrit","nginx_1","1"
"alibaba","ice","16"
"facebook","fb303","5"
"libp2p","jvm-libp2p","9"
"tetcoin-staging","substrate-archive","2890"
"wtdcode","Qnicorn","50"
"PLC-lang","rusty","1461"
"ruby-compiler-survey","sorbet","44"
"CLAPS-CCS2020","tor-claps-0.3.5.8","222"
"dustlang","dustup","3445"
"Tencent","BlazerML-tvm","590"
"dqsully","serde-hjson","1375"
"vbarrielle","sprs","1554"
"Alex-LiWenhao","openapi","1123"
"LimeChain","matchstick","639"
"rish-onesignal","vector","5998"
"Kasper4649","rustlings-solution","898"
"chronotope","chrono","1008"
"dustprotocol","evm","1886"
"savoirfairelinux","opendht","92"
"arlyon","async-stripe","3806"
"payall4u","rofuse","1032"
"jupyterlab","rtc","72"
"crypticcoin-renewed","librustcrypticcoin","4434"
"r18duarte","dotfiles","1"
"hyperchain","javasdk","7"
"NaokiLH","rustlings_answer","865"
"habitat-sh","habitat","12186"
"qyl2021","rust-peg","911"
"mindriot101","rust-fitsio","839"
"ZhouShiJun5","serverless-examples","2"
"thesis-2022-wasm-operators","kube-rs","2958"
"mithril-security","rayon-sgx","2896"
"jfhbrook","public","13"
"chwzr","librespot","1956"
"tetcoin","trie","1818"
"oasislabs","oasis-ethwasi-runtime","1447"
"emergenetwork","polkadot","3385"
"sealru","Anc","1408"
"stm32-rs","stm32f3xx-hal","1013"
"jellehelsen","dotfiles","11"
"meh","rust-ffmpeg","1372"
"PistonDevelopers","graphics","1906"
"rust-bio","rust-bio","1534"
"oashtari","rustlings_practice","853"
"octaI","dev-bootcamp-hardhat","2"
"webb-tools","webb.js","493"
"Polygon-OSS","NFT-bridge","1"
"gemacoin","gemachain-program-library","2551"
"yosupo06","library-checker-judge","35"
"hashfx","DSA","4"
"sourmash-bio","sourmash","119"
"develoopio","sqlx","7295"
"fornwall","advent-of-code","2066"
"solvia-labs","solvia-web3js","13"
"ftfdfrancoeur65","coalesce-alpha","2"
"OzSze","amazon-connect","1141"
"asterism0115","parity-ethereum","33646"
"rajatguptakr2","ng-cordova-rajat","2"
"github","linguist","14"
"zippy","ceptr","3"
"rust-lang","simpleinfra","29"
"persistenceOne","persistenceBridge","133"
"tokio-rs","book","18"
"pastly","public-tor","250"
"Jasonlhy","Chainlink-Bootcamp-Day2","2"
"servo","core-foundation-rs","1682"
"zip-rs","zip","768"
"josephdburdick","vscode-test","2"
"Thalassa-Ta","DSA","4"
"dekellum","body-image","1472"
"getsentry","symbolicator","1471"
"rustgd","cgmath","3857"
"GNOME","fractal","1719"
"informalsystems","modelator","720"
"LuisThiamNye","druid","4512"
"laudiacay","mpcs-compilers","140"
"CMU-17-356","cmu-17-356.github.io","12"
"Warchant","innoctf","1"
"physics-is-beautiful","codesanbox","2"
"Shubhayu-Bhowmick","Solana-Dashboard","1"
"pauls658","anki","79"
"getsentry","symbolic","1750"
"bomber1654","dev-bootcamp-hardhat","2"
"qtumproject","qtum-evmc","162"
"arkworks-rs","snark","3578"
"jazzdotdev","jazz","646"
"dirvine","dotfiles","909"
"SubstrateCourse","slides","4870"
"debionetwork","debio-node","1462"
"goyalvartul","solscan","3534"
"freedesktop","xdg-shared-mime-info","3"
"Tekh-ops","Hello-World","5"
"Mermade","openapi-codegen","2"
"ava-labs","avalanche-network-runner","14"
"perezpaya","rustlings-solution","865"
"adulbo28","docker","1"
"wolf4ood","gremlin-rs","1276"
"xuanit","test-upstream","2"
"vipnvrs","awesome-rust","18"
"lucifer1004","codeforces","43"
"noonebtw","winapi-rs","7031"
"maxeinhorn","cosmwasm","707"
"LNP-BP","client_side_validation","1285"
"watthem","dev-bootcamp-hardhat","2"
"bitvecto-rs","bitvec","1946"
"uuosio","ascdk","2"
"alexrenda","winit","4029"
"NullDev","Hacktoberfest-2020-FizzBuzz","13"
"interledger-rs","interledger-rs","2988"
"google","autocxx","2864"
"OpenLineage","OpenLineage","32"
"adityadhakal","aditya_tvm","265"
"BP-WG","bp-core","4166"
"IHA114","Rocket","3322"
"ark2038","rayon","1810"
"Fafatoo","Polkadot","23536"
"totalkyos","C9","3"
"AlvaroDavi5","Programacao_e_Desenvolvimento","1"
"dustlang","libtest","682"
"david-liu-dev","stafi-node","1229"
"FuelLabs","sway","3487"
"rohankumardubey","teleport","22"
"Create-Node-App","nextjs-extensions","1"
"foam-framework","foam2","2"
"Thesys-lab","Segcache","170"
"open-web3-stack","open-runtime-module-library","1578"
"adamnemecek","pathfinder_bug","2866"
"Misterio77","nix-config","1"
"actix","actix","3148"
"scylladb","scylla-code-samples","15"
"retep998","winapi-rs","7030"
"deeper-chain","deeper-chain","1359"
"Robbepop","runwell","2982"
"github-user001","anchor-teej","1317"
"fakeNetflix","facebook-repo-watchman","1"
"Xe","site","148"
"mimblewimble","grin","7045"
"tokio-rs","website","47"
"Miezhiko","Amadeus","2793"
"underscoredLabs","metamask-auth","2"
"fakeNetflix","facebook-repo-buck","109"
"robotet","substrate","20837"
"conao3","feather-melpa","2"
"drdanz","yarp-tag-test","71"
"christolliday","limn","3479"
"jellyfin","jellyfin-vue","2"
"CodeWithSurya","vscode","2"
"dandavison","misc","5"
"SobeitB","candy_machine_ui","565"
"RobertAlbus","rustlings-progress","839"
"MystenLabs","narwhal","1955"
"mrkaurelius","rustlings","795"
"FindoraNetwork","bp","925"
"servo","rust-mozjs","1006"
"randlabs","pricecaster-v2","1546"
"pr2502","pest","1984"
"kleros","centralized-arbitrator-dashboard","6"
"apache","kylin","4"
"microsoft","vscode-extension-samples","5"
"planet-s","uutils","5996"
"clowestab","playrity","27541"
"atom-archive","xray","1335"
"enricobottazzi","Exchange-Check-n-1","3"
"paritytech","ink-waterfall","588"
"tetonix","substrate","20837"
"haskell","aeson","3"
"anandray","wvmc","38"
"andoriyu","freebsd-ports","6"
"simonjiao","findora-agentd","1193"
"makroeze-msft","nix","1559"
"Salman-Arshad","metaplex-demo","565"
"Jasperav","tempvork","1086"
"rescript-lang","rescript-vscode","1"
"crev-dev","cargo-crev","2470"
"DavLiendoProgramming","rust_examples","859"
"paul-schaaf","anchor_ci","1316"
"ferhhan","next","9"
"insilications","meson-clr","16"
"nvim-treesitter","nvim-treesitter","47"
"LiHRaM","rust-gitlab","1345"
"oasislabs","oasis-parity","28412"
"RasmusRendal","sccache","1566"
"fakecoinbase","zcoinofficialslashzcoin","90"
"daa84","neovim-gtk","1326"
"substrait-io","substrait-validator","890"
"little-dude","netlink","1794"
"mkrufky","parity-gangnam-testnet","28098"
"lucapele","https-github.como","1081"
"rust-lang-cn","book-cn","1362"
"veracruz-project","rustls","3721"
"rust-av","website","8"
"AmbireTech","adex-validator-stack-rust","1794"
"evernym","verity-sdk","7"
"rapiz1","rustlings","800"
"Ether1Project","ETHOMask","2"
"gotham-rs","gotham","2885"
"tari-labs","tari-university","43"
"utilForever","BOJ","839"
"jeertmans","locate","6"
"apache","ambari","2"
"briansmith","ring","2608"
"pjfan","dev-bootcamp-hardhat","2"
"pikelet-lang","pikelet","2554"
"sitalkedia","aptos-core","9073"
"vjumminz","split-treasury-cm","441"
"prisma","prisma1","6774"
"litegraph","jsonrpc","1826"
"zhanghk2001","LeetCode","23"
"radicle-dev","radicle-link","2408"
"tikv","client-rust","1626"
"mek-omkar","opsrampkbncust","4"
"SmartWebstar","metaplex-1","565"
"tetonix","tetonix","675"
"sajban","nix","72"
"vyankat70war","gildedrose","10"
"radicle-dev","radicle-upstream","568"
"zellij-org","zellij","3460"
"alantech","alan","511"
"truantmonkey","truantmonkey.github.io","455"
"scio-intellij-shared","solidity-chainlink-bootcamp","2"
"atroche","rust-headless-chrome","1166"
"ucsdsysnet","faasnap-firecracker","2221"
"thurn","nighthollow","789"
"Sensefields","swagger-codegen-scripts","86"
"tomaka","redshirt","2687"
"miracl","core","975"
"aws","s2n-tls","146"
"ondrejsika","nextjs--router-bug-example","1"
"y8y",".emacs.d","5"
"pfeifemc","solana-superbowl-squares","565"
"spearow","juice","3219"
"staccDOTsol","fair_launch_candies_only_for_turt","439"
"vesan","dotfiles","3"
"iotaledger","rust-rocksdb","1110"
"fujicoin","rust-fujicoin","1963"
"NachoPal","substrate-v3.0.0","26747"
"kuujkuuj","dev-bootcamp-hardhat","2"
"joshbeitler","mirus-archive","4"
"GetStream","react-activity-feed","2"
"opsramp","opsramp-logs","9530"
"rohankumardubey","btleplug","1128"
"MaxFromQc","metaplex","456"
"richardanaya","wasm-module","51"
"sailfishos-mirror","rust-cbindgen","2014"
"Zondax","ledger-polkadot","2"
"e-kit","swagger-codegen","89"
"Synthetify","synthetify-protocol","790"
"kartevonmorgen","kartevonmorgen","9"
"droundy","sad-monte-carlo","1043"
"Abstract-OS","cw-plus","4265"
"mhkmcp","solana-starter","3"
"StoriqaTeam","users","1761"
"VictoriaMurk","GildedRose_refactor","10"
"smol-rs","smol","891"
"Mohsinsiddi","metaplex-candy-machine-v2","565"
"casey","dotfiles","217"
"nannou-org","nannou","3615"
"dustlang","team","180"
"cjdelisle","packetcrypt_rs","744"
"swc-project","swc-node","15"
"topo-finance","plotters","1483"
"openlab-aux","vuizvui","25"
"codecrafters-io","languages","58"
"atheme","atheme","1"
"xldenis","creusot","2909"
"Elite-Legion","metaplex","455"
"Yangfisher1","my_fnproject","88"
"Zxce3","tor-res","284"
"Jonas22rr","ipadTest","1022"
"aptos-labs","move","9792"
"sourcefrog","conserve","2711"
"ZK-Garage","plonk","1830"
"CryptoPique","metaplex","565"
"Dusk-Labs","dim","1851"
"wrmsr","iceworm","3"
"git-an756","hello_world","4"
"InterWasm","cw-contracts","725"
"darwinia-network","darwinia-bridges-substrate","4238"
"superbee1109","metaplex","439"
"project-akri","akri","241"
"isucon","isucon11-final","31"
"victorclee","gilded-emus","10"
"lotabout","skim","1344"
"ith-harvey","workshop","6"
"truffle-box","optimism-box","2"
"rustcc","RustPrimer","34"
"PierreNP","W8_J3","12"
"stephssmiths","enarx-fork-debug","1624"
"serverless","examples","3"
"farcaster-project","farcaster-core","1395"
"aeltanawy","atom_config","2"
"dustprotocol","polkadot-to-reef-ledger-transfer-ledger-app-polkadot","2"
"mzmcbride","database-reports","187"
"celo-org","celo-blockchain","924"
"Sotatek-QuangVu","Glitch-Studio","42"
"blakesmith","embedded","53"
"GNOME","gnome-usage","2"
"unipept","umgap","1000"
"DevSCNinja","solana-program-library","2910"
"upsidedown8","scrabble","1360"
"BuilderIO","qwik","184"
"XORD-one","atlas-frontend-metaplex","389"
"Nadrieril","dhall-rust","3876"
"langjam","jam0001","142"
"alexrenda","alacritty","1437"
"async-rs","async-std","2865"
"KnowingNothing","AMOS","464"
"ECE444-2021Fall","project2-oss-group-3","2"
"yred","euler","57"
"LebranceBW","sqlx-zetta","7548"
"dhillondeep","vimrc","1"
"alexwu492","awsdocs1","1375"
"sqlite-mpi","rust-bindgen-fix-ios-target","6531"
"tensorflow","rust","906"
"greenealexander","learn-web3-dapp","18"
"sec-bit","ckb-zkp","3433"
"fengalin","media-toc","2936"
"BurntSushi","globset","641"
"hank","life","3"
"1995parham","github-do-not-ban-us","33"
"matter-labs","franklin-crypto","1379"
"google","open-location-code","27"
"huangyingw","mwouts_jupytext","3"
"tf-encrypted","moose","2283"
"luabud","vscode-extensions-sample","5"
"zeitgeistpm","zeitgeist","2080"
"mcu-tools","mcuboot","90"
"da3dalus88","dev-bootcamp-hardhat","2"
"ntex-rs","examples","981"
"kklochan","api_v2_docs","71"
"iced-rs","iced","6693"
"sammyhegab","solana","31016"
"matter-labs","compiler-tests","12"
"quantumprotocol","open-runtime-module-library","1412"
"HaliteChallenge","Halite-III","239"
"Jjake540","gilded-rose-tech-test","12"
"coderasha","Solana-NFT-Marketplace","565"
"fanout","pushpin","20"
"alexo2010","metaplexv2","565"
"awslabs","smithy-rs","2631"
"Marculax","Metaplex1","379"
"peterhj","stdsimd-nvptx","1669"
"0xCozart","IOTA-EVM","1519"
"lalrpop","lalrpop","3443"
"Jack-Rog","metaplex-oldversion-broke","449"
"strtok","marwood","1090"
"RustMagazine","rust_magazine_2021","9"
"shikto-tech","CLOUD_9_V3","9"
"choplin","dotfiles","1"
"vitalikp","firefox","100"
"Internet-of-People","iop-ts","3"
"loveFeynman","nft_staking","768"
"happyxurde1003","anchor","864"
"quantumprotocol","substrate-api-sidecar","40"
"pyth-network","pyth-crosschain","1544"
"OliverRehberg","gilded_rose_refactored","10"
"teoxoy","factorio-blueprint-editor","30"
"revit13","parquet_cpp_aad","83"
"NFTMONCEF","metaplex","565"
"cnMyGitHub","996","11"
"arnabdey24","algorithm","34"
"deuxfleurs-org","garage","1771"
"rust-embedded","discovery","334"
"JelteF","derive_more","1025"
"conda-forge","ampl-mp-feedstock","1"
"suborbital","subo","39"
"bren999","ruffle69","10447"
"prologin","stechec2","25"
"hchyun6086","emacs-","6"
"wang-q","intspan","865"
"curlconverter","curlconverter","69"
"nailbiter","for","1"
"vlasdasz","test_engine","3764"
"MikeRena77","vscode","2"
"Windows11Master","Windows-11","2"
"pdf-rs","pdf","1635"
"hkjn","src","2"
"mintlayer","mintlayer-core","2496"
"MVPWorkshop","substrate-quadratic-democracy","21367"
"terminusdb","terminusdb-store","1279"
"keplernetwork","kepler","6529"
"leoncamel","rust-rocksdb.rust-rocksdb","1017"
"mrkenz9595","padavan-ng","151"
"valeriansaliou","sonic","1176"
"http-rs","tide","2074"
"r-darwish","topgrade","1426"
"plasma-umass","coz","3"
"dark64","zokrates-1","3355"
"ethereum-push-notification-service","epns-dapp","2"
"unao","mediasoup","458"
"robotet","robotet","1201"
"calleum","rustlings","792"
"dip-proto","wasmtime","11455"
"RuFerdZ","web3-dapp","18"
"swagger-api","swagger-codegen","89"
"darwinia-network","darwinia","3904"
"maziyank","gobyexample-id","6"
"paritytech","jsonrpc","2036"
"temporalio","sdk-typescript","105"
"makroeze-msft","termcolor","455"
"cloudflare","templates","17"
"hyperledger","indy-sdk","17332"
"raspbian-packages","cargo","26937"
"benrobot","hardhat-starter-kit","2"
"Not-so-middle","Sublime-BoxyTheme","6"
"slashonet","thrift","1"
"icefoxen","glzrn","3610"
"WhaleCMD","Celo","3"
"feters","neqo","3933"
"GGist","bip-rs","1628"
"yeoneer","rust-by-example-ko","1631"
"dimforge","nalgebra","8554"
"Kins1ley","tvm","211"
"projectfluent","fluent-rs","1646"
"thomasbroderick","my-metaplex","449"
"Schwartz10","web3-react-native-2","2"
"koto-lang","koto","3829"
"melpon","wandbox-builder","6"
"aignas","dotfiles","26"
"AustinJ235","basalt","1226"
"derrekcoleman","dev-bootcamp-hardhat","2"
"MonsterAdmin","Rust","285136"
"evolutics","iftree","1423"
"kodsnack","advent_of_code_2020","205"
"eclipse","dirigible","15"
"amethyst","legion","1922"
"MiaZmy1221","rust_sgx_sdk","2802"
"oom-ai","oomstore","161"
"GrayJack","coreutils","1866"
"simoncozens","fonttools-rs","1400"
"sfhardman","grkata","10"
"mayurwaghmode","envoy-older","44"
"BertalanD","backtrace-rs","636"
"zhonglinlynn","zcash-halo2","1832"
"sriramndk","SAST","48"
"kkawakam","rustyline","2168"
"ahudtli","Substrate-ocw","4870"
"gelash","libra","2734"
"PureStake","moonbeam-testnet","2756"
"msakuta","FactorishWasm","924"
"dodorare","crossbow","2310"
"portier","portier-broker","1245"
"codahale","veil","1432"
"FISCO-BCOS","FISCO-BCOS","3"
"GoatGodGav","Metaplex","565"
"veracruz-project","num-bigint","845"
"andrcmdr","zcash-zebra","1212"
"nmwenz90","myFirstSmartContract","2"
"wishmelu","sui","3620"
"robriks","nft-draft","1"
"cross-rs","cross","411"
"amqp-rs","lapin","3568"
"mynftspace","metaplex","470"
"cottrell","notebooks","3"
"amrutabhanji117","helloWorlddevops","4"
"yastamardika","rocket-rust-playground","5624"
"vaticle","dependencies","2"
"kubeflow","katib","38"
"huskyrobot","moonbeam","1761"
"buraksenyurt","rust-farm","886"
"velas","velas-chain","29071"
"meelgroup","cmsgen","3"
"3nprob","gst-plugins-rs","5186"
"gluesql","gluesql","2210"
"Schwartz10","web3-react-native","2"
"neukly","Caelum","70"
"rabbitmq","rabbitmq-tutorials","35"
"MikePehel","supercoders","389"
"levelkdev","dxtrust","2"
"sanderkooger","nextjs","1"
"tonlabs","TON-Compiler","6"
"gfx-rs","wgpu-native","1277"
"El-Georges97","nix-APIs","1243"
"nexgen999","ppsspp","13"
"web3-tony","cf-templates","17"
"3Hren","msgpack-rust","1745"
"paritytech","trie","1675"
"wenddak1ng","metaplex","449"
"Turupawn","dev-bootcamp-hardhat","2"
"MattHalloran","dev-bootcamp-hardhat","2"
"tolak","khala-parachain-dev","1309"
"JackDrogon","ProgrammingSamples","46"
"digitalbitbox","bitbox02-firmware","1430"
"The-Actual-Damien","https-github.com-paritytech-substrate","27336"
"tetcoin-staging","smoldot","3363"
"franklau","mirror-libsignal-client","1409"
"ZoranPandovski","design-patterns","5"
"DevSCNinja","solana-web3.js","13"
"hsbt","hsbt","6"
"NewLawTech","chainHack","2"
"facebookexperimental","starlark-rust","4529"
"arni29","arnimetaplex","439"
"ehuss","cargo2","12498"
"actix","actix-net","2854"
"jmwhitfi","pygments-main","341"
"yatima-inc","sp-im","1127"
"ris-2107","SGnft","565"
"LeastAuthority","althea-net-gravity-private","210"
"DEIPworld","deip-node","998"
"chimple","alxp","17"
"hhuyen123","confluent","7"
"starshp","starship","1558"
"rabbit-digger","rabbit-digger","1714"
"rust-num","num-iter","634"
"andrewchambers","bupstash","1098"
"scalableminds","webknossos-wrap","300"
"microsoft","qsharp-runtime","55"
"dfinity","interface-spec","14"
"gcluster","libdatachannel2","7"
"shubham121297","osrm-new","19"
"solana-labs","solana-web3.js","15"
"fortanix","rust-sgx","1027"
"Lbqds","wormhole0","1405"
"chenming100","Repository","89"
"Mohsen7s","arti","3440"
"yeslogic","allsorts","709"
"ducaale","xh","993"
"w3f","schnorrkel","716"
"pythonspeed","filprofiler","347"
"AstarNetwork","plonk","318"
"utk-se","VSCodeRibbon","4"
"terrytangyuan","dotfiles","40"
"tangentstorm","tangentlabs","30"
"nuclearprotocol","jsonrpc","1826"
"cobwebos","cobwebos-ide","2"
"jheck88","spinnaker-centos7","3"
"KonishchevDmitry","investments","3852"
"solana-fm","step-program-library","3705"
"Picovoice","porcupine","38"
"upnet","Apple","1"
"AsamK","signal-cli","13"
"Sangwan5688","Hacktoberfest2021","4"
"tommydavis","openapi-generator","94"
"jaredly","jerd","9"
"racer-rust","racer","2237"
"trishume","syntect","804"
"hanna-kruppe","rust-nyuzi","183174"
"renqueshe","vercel","21"
"ormi-fi","reputation-oracle-contracts","2"
"andresayalaRCN","OSRMap","19"
"cottonsmithco","dotwav","565"
"alv-carpe-diem","dev-bootcamp-hardhat","2"
"openeuler-mirror","opensource-intern","320"
"paritytech","shasper","2235"
"alexcrichton","openssl-src-rs","90"
"Hxiaozhi123","xz","11"
"Devops555","cryptography","54"
"bk62","buidl-protocol","2"
"litemaker","snowbridge","1446"
"maidsafe","safe_network","43717"
"wosorio80","mambu","91"
"0xreza","tvm","265"
"tetonix","polkadot","2821"
"guidovranken","cryptofuzz","41"
"dustlang","vscode-dust","2"
"ostreedev","ostree","765"
"sdavidkong","dev-bootcamp-hardhat","2"
"tidb-hackathon","tikv","19593"
"kolonialno","adventofcode","279"
"TalentDev1128","NFTAvatarWebsite","2"
"JustPaketik","rustdesk","1071"
"simba126","solana-program-library","2444"
"ancientproject","VM","11"
"decentral-inc","nyc-blockchain-workshop","81"
"pvolok","mprocs","349"
"Glavin001","atom-beautify","2"
"tetsyfi","stafi-blockchain","17296"
"loopeasy","polkadot","3385"
"argmin-rs","argmin","3089"
"rust-lang","wg-async","1"
"DanBarkus","pygments_gsql_lexer","13"
"hrydgard","ppsspp","13"
"ArtOfThings","artofthings","565"
"rohankumardubey","miller","7"
"lkiversonlk","openethereum","32182"
"ionic-team","ng-cordova","2"
"ninja-rs","ninja-rs","235"
"smoltcp-rs","smoltcp","1923"
"luo4lu","frontier_for_gvm","1281"
"two24studios","chainlink-developer-bootcamp","2"
"adityapk00","zecwallet-lite","23"
"Mingun","fast-xml","815"
"cyanpencil","dotfiles","1"
"takacsted","vscode","2"
"turbokuzmich","next.js","1"
"cloudflare","quiche","1537"
"reacherhq","check-if-email-exists","330"
"iron","iron","1330"
"gomdopi","chainlink-developer-bootcamp","2"
"gulzarshaikh","vscode","2"
"anoma","masp","2891"
"staccDOTsol","gumdrop","566"
"AviFS","tabl2","2"
"EmbarkStudios","rust-gpu","2785"
"cloudtruth","cloudtruth-cli","1431"
"jared1981","Static-analysis","48"
"veloren","veloren","28269"
"hedgehog34","chainlink-smart-contract-security-bootcamp","2"
"ygrenzinger","rustling","881"
"t3rn","t3rn","2786"
"tetcoin","tetsy-zcash","5084"
"my-first-pr","hacktoberfest-2018","5"
"pre-commit","pre-commit","4"
"DataDog","integrations-core","1"
"foresterre","imageproc-patched","986"
"bfffs","bfffs","2611"
"gfx-rs","wgpu-rs","1242"
"DevSCNinja","metaplex","565"
"awsomearvinder","redox","1772"
"darwinia-network","darwinia-messages-substrate","4238"
"rexxer1","r3x","13"
"lemonrock","linux-support","24154"
"mozsearch","mozsearch","499"
"skyekiwi","skyekiwi-network","1964"
"douchuan","jvm","4631"
"kvakvs","ErlangRT","4797"
"bbidarian","metaone","383"
"japentaca","c9sdk","9"
"krojew","cdrs-tokio","3880"
"shockValue666","cc","565"
