"owner","repo_name","scala_commits"
"tlc-pack","relax","308"
"naresht1710","serverless","11"
"danslapman","morphling","522"
"SumitXLR15","PMD","6"
"flowcommerce","lib-play","1556"
"openwdl","wdl","166"
"guardian","support-frontend","13117"
"kvswamy","Spark","27764"
"rohankumardubey","tvm","308"
"graphsense","graphsense-ethereum-transformation","114"
"Bcoderx6","hacker-scripts","2"
"Hk-Z-GitHub","LeetCode","17"
"vojtechhabarta","typescript-generator","1"
"EdsonGermano","socrata-platform-socrata-sbt-plugins","169"
"bb4","bb4-common","496"
"reallovelei","redis-read","44"
"techyogillc","ApacheSpark","26776"
"microsoft","Mobius","184"
"scala","scala-collection-compat","1123"
"lichess-org","lila-openingexplorer","721"
"oliverheywood451","swagger-codegen-2.4.0","2609"
"vavr-io","vavr","443"
"phat45262donga","Platform-samples","13"
"guardian","status-app","299"
"gimmi","randomhacking","42"
"Rattnik","yahoo-cmak","1194"
"rohanmmit","sparkaws","20709"
"markwinter","Antox","1373"
"irundaia","sbt-sassify","277"
"Edgecortix-Inc","mera-tvm-public","308"
"fengchi66","flink","23692"
"flowcommerce","lib-event","452"
"pixiedust","pixiedust","10"
"Onesphore","simgrid-sosp","18"
"cjinghong","Listr","114"
"sbt","sbt-ghpages","40"
"hex-plex","AutoMLScreenExercise","3"
"kahraman81","ddddd","70290"
"Mateio","OpenCV","17"
"ghostdogpr","caliban","2719"
"guardian","content-api-models","177"
"areusch","tvm-fork-for-ci","308"
"flowcommerce","api-build","1114"
"Dwolla","fs2-aws","168"
"blakeembrey","code-problems","3"
"srilakshmichennu","mypipelinecode","90"
"oap-project","oap-mllib","4982"
"pgacipe","opencv","26"
"internetmusic","dex","36622"
"HadrienHachez","pmd-analysis","6"
"scapegoat-scala","scapegoat","4393"
"data-science-on-aws","data-science-on-aws","10778"
"boogie-org","boogie","457"
"bstofko","hello-world","11"
"narrativeandplay","hypedyn2","1483"
"target","data-validator","273"
"chironghua","kubeflow-piplines","12"
"imrehg","exercism","24"
"wenxcs","tvm.dx","308"
"miZiYun","kafka-connect-jdbc","73"
"sandbhormanasi","jrog","3"
"AniketPatil27","NewRepo","12"
"giuscri","fpinscala","972"
"LoliKingdom","GT-Chilled-Edition","4"
"ScalaConsultants","zio-akka-quickstart.g8","335"
"fogbeam","zeppelin_mirror","23"
"rohankumardubey","mahout","2485"
"shuangsong1990","ICS","3"
"gasmbledug","scalaz","15214"
"team-cyx","cyx-spark","26861"
"gabysbrain","tuner","1857"
"pantsbuild","pants","574"
"scala","scala3-cross.g8","7"
"fakeNetflix","twitter-repo-util","2215"
"Luucas51","test_thp_js","10"
"cbedanne","trivia","8"
"crossbeam-rs","crossbeam","4"
"apache","geode","473"
"sksamuel","elastic4s","19981"
"kovacstimea","mahout","2485"
"cetic","tsimulus-saas","123"
"project-thirdeye","thirdeye","62"
"sagpant","actor-framework","65"
"mongodb","snooty-parser","1"
"ngocdai94","meanStack","2"
"zzvara","flink-dynamic","7519"
"bingaox","sparkGDA_bak","26861"
"xxxtrillionarie","KubeFlow_MLOps_Pipelines","12"
"krzema12","kotlin","1"
"zio","zio-process","88"
"hugo-dc","highlighting-kate","1"
"com-lihaoyi","fastparse","3089"
"lloydmeta","enumeratum","957"
"tkambler","c9sdk","3"
"asottile","babi-grammars","1"
"DylanMeeus","AdventOfCode","7"
"kubukoz","videos","121"
"Sparkyxs","spark","27540"
"Thuva4","Algorithms","64"
"zenazn","dotfiles","2"
"cyourth-cognonic","aws-workshop","9536"
"andreasWallner","spinalStuff","317"
"Pennsieve","pennsieve-api","3045"
"nilsding","youreasquidnow","6"
"apache","pulsar","4"
"RTurney","Gilded-Rose","6"
"datahub-project","datahub","1"
"guardian","facia-scala-client","929"
"kilery-019","Spark","25179"
"raquo","scala-dom-types","1673"
"guardian","grid","10081"
"academy-jan-2022","gilded-rose-kata-lisandro-ollie","6"
"amit03wit","hipsters","33"
"GoogleCloudDataproc","custom-images","103"
"evolution-gaming","cats-helper","439"
"watsona4","dot_julia","6"
"d6y","lift-cookbook","3"
"xerial","snappy-java","11"
"japgolly","scala-graal","538"
"tonyrichardking","exp-dotnet-rabbitmq-tutorials","28"
"softwaremill","elasticmq","3255"
"cgag","nicta-haskell-course","133"
"DislabNJU","Spark","23695"
"clulab","timenorm","918"
"pibieta","ML-course","1"
"canyon289","canyon289.github.io","2"
"WANdisco","gerrit","16"
"almond-sh","almond","1402"
"lk-geimfari","awesomo","2"
"sharma1981","msgpack","23"
"raser004","Tutorials","31"
"twitter-archive","commons","12"
"lefou","LambdaTest","45"
"TechplexEngineer","LuaByExample","9"
"bstau","sling-builder","159"
"projectglow","glow","1224"
"datalake-project","spark","30461"
"evolution-gaming","smetrics","177"
"daocr","Spring_all","31"
"webjars","webjars","1220"
"ruchira088","video-downloader-back-end","2888"
"victoracn","swagger-codegen","2350"
"venusapsdev","generator-jhipster","31"
"weharris","data-science-on-AWS","10778"
"metabookmarks","lagom-silhouette","235"
"debjava","baeldungGIT","90"
"lsds","sgx-spark","29762"
"ls1intum","Artemis","196"
"SeokWooo","actor-framework","65"
"jphmrst","bps","378"
"cassmarcussen","vowpalwabbit_clone","3"
"WellFactored","clovis","314"
"xuwei-k","scodec-msgpack","216"
"sampath-methuku-servicenow","jfrog-jenkins-examples","2"
"sbt","sbt-proguard","74"
"jiangzz","Flink","23663"
"AcademySoftwareFoundation","OpenCue","2"
"confluentinc","examples","14"
"vadimbakaev","scala-fast-start","57"
"cuidadoso","tuturials","49"
"minerals","swagger-codegen","2444"
"YoungWukJeon","group-study","5"
"scalapy","scalapy","481"
"suneethaemandi","git-gitHub2","13"
"jensencl","bokeh_composite_formatter","67"
"sureindia-in","data-science-on-aws-latest-2021","10778"
"vim-test","vim-test","9"
"snail4321","https-github.com-apache-spark","27893"
"snowplow","snowplow","10419"
"kpearson","vimfiles","2"
"ajj31","sizak","3"
"sbt","sbt-launcher-package","163"
"acapone13","tvm-nnabla","308"
"amannocci","streamy","1945"
"1499501762","QUANTAXIS--","8"
"TrueConnectivityLtd","common-config-plugin","41"
"kodsnack","advent_of_code_2018","4"
"coderworld968","zipkin-dependencies","21"
"microsoft","sql-server-samples","9"
"Yarra912","Mano","13"
"HarborZeng","gangsutils","745"
"zhujun98","data-engineering","1"
"nizhaanro17477","ReactiveX_RxJava_0","937"
"seratch","slack-app-examples","22"
"epfl-lts2","sparkwiki","185"
"kcrypt","scala-blake3","286"
"nuxeo-archives","nuxeo-drive-server","109"
"apache","pinot","59"
"rohankumardubey","opengrok","13"
"rockya2014","Tutotrials","90"
"typelevel","cats-collections","1144"
"mmcgrana","gobyexample","9"
"rootulp","exercism","2"
"c9","core","9"
"findify","flink-adt","379"
"honeycomb-cheesecake","play-silhouette","3206"
"circe","circe-yaml","61"
"statsd","statsd","2"
"twitter","twitter-text","3"
"aml-org","amf","36129"
"ctimmerman-prog","OpenApi","88"
"silk-framework","silk","17953"
"JonathanMatthey","codeconv","2"
"yhust","github-spark-1.6-dag","17603"
"mongodb","docs-ecosystem","4"
"splunk","flink","24235"
"akshaynanavati","dotfiles","24"
"mikepapadim","collage-non-tvm-fork","354"
"zhaoshuo5550","spark","27289"
"kyohei8","dotfiles","3"
"val-verde","shared-mime-info","3"
"Eki8596","GildedRose-Typescript","6"
"ErikSchierboom","exercism","1008"
"sbt","sbt-release","204"
"tianyiyunshu","spark_first","27535"
"mmngreco","fonts","2350"
"sbt","sbt-dependency-graph","216"
"lincolnauster","syntect-but-old","1"
"aiven","jdbc-connector-for-apache-kafka","73"
"scoverage","scalac-scoverage-plugin","1466"
"flowcommerce","location","437"
"ScalaConsultants","Tezos-FullStack-Console-backend","638"
"profunktor","fs2-rabbit","2069"
"samelamin","spark-bigquery","160"
"TomMD","apache-spark","30319"
"kennyledet","Algorithm-Implementations","97"
"twitter-archive","ostrich","1462"
"StaylerG","workflow-tests","331"
"finagle","finch","3000"
"ashwanthkumar","suuchi","737"
"Ahmed-elsayed-mahmoud","OpenWhisk","3005"
"10sr","junks","15"
"OrderLab","Arthas-eval-Redis","44"
"rituja10","training","12"
"l33pf","Crab","2"
"scallop","scallop","1048"
"sparklyr","sparklyr","1612"
"ShellRechargeSolutionsEU","ocpp","1734"
"Mattlk13","pygments","595"
"apicollective","apibuilder-generator","3492"
"Rentu","redis-read","44"
"barambani","docker-effect","499"
"willku1024","cmake_Redis","44"
"jchakravarty","kibana","4"
"tonymorris","fp-course","136"
"rami3l","yascm","144"
"geomesa","geomesa-nifi","431"
"viperproject","viperserver","1181"
"csantanapr","incubator-openwhisk-python","862"
"sabariarun","project-examples","2"
"anandibhat","AWSServerless","11"
"cheleb","zio-pravega","163"
"SwissDataScienceCenter","renku","680"
"gatling","gatling","37697"
"StephenFinn2","ServerLess","3"
"mvali95","spire","4273"
"replit","prybar","1"
"dungdm93","bookshelf","11"
"graphframes","graphframes","611"
"stryke24","GildedRose-Refactoring-Kata","6"
"jenetics","jenetics","50"
"spotify","featran","1276"
"earthly","earthly","11"
"serverless","serverless","15"
"bwhetherington","rscript-ace","4"
"kenny-thomas","pygments-main","595"
"anttiollikkala","tdd-mooc-legacy-code","10"
"BIGduu","spark-parent_2.11_for_learn","30472"
"dwijnand","shisa","754"
"jpmml","jpmml-sparkml","5"
"nucypher","kafka-oss","8304"
"rchain","rchain","26064"
"apache","kafka","14596"
"nublic","Nublic","334"
"Netflix","spark","30552"
"propensive","probably","265"
"rhysd","misc","6"
"JulibethTinoco","mlflowD","17"
"caryhhl","carycode","19773"
"eajakap","eugenp-tutorials","90"
"marianobarrios","tls-channel","436"
"OpenAPITools","openapi-generator","3501"
"mypinkhacker","Apache","30338"
"tensorflow","ecosystem","91"
"damianoporta","pinot","16"
"jackeylu","reading-redis","44"
"kubukoz","smithy-playground","582"
"allwefantasy","ar_runtime_web_console","81"
"MainfluxLabs","mainflux","37"
"sankumarbigdata","apache_spark","27767"
"bds1965","okbuck","3"
"ghostbuster91","sttp-openapi-generator","1413"
"Avi999","testtoolchain2","11"
"ejfried","sarasvati","28"
"playframework","play-ebean","51"
"buo","dotfiles","2"
"melvic-ybanez","Nostalgia","818"
"ioflo","floscript_linguist","9"
"tkawachi","sbt-doctest","322"
"sandeepnjk","sarasvati","28"
"Charlie-chenchrl","activemq-fork","378"
"w156226814","flink-parent","25815"
"com-lihaoyi","upickle","2658"
"dbeecham","dotfiles","25"
"Dwolla","scala-test-utils","148"
"BrackenW3","Atom-file-icons","2"
"trask","minimal-opentelemetry-javaagent","302"
"chandan64","OpencvTutorials","26"
"TorrentDam","webapp","154"
"Jazmann","openCV-fork","21"
"RADAR-base","RADAR-JDBC-Connector","73"
"dimitarp","basex-all","2"
"akiomik","cats-nio-file","68"
"johnweldon","dotfiles.chezmoi","9"
"criteo","cuttle","696"
"Bhanuprakash-ch","spark-timeseries","780"
"json4s","json4s","3149"
"scala-js","scala-js-js-envs","233"
"khilnani","dot_files","3"
"ZihengJiang","tvm-hago","308"
"user24461","kafka-connect-jdbc","73"
"shuaibixi","myOpenWhisk","2241"
"matthewvilhauer","code-problems","3"
"twitter-archive","gizzard","2900"
"sauravmondallive","opencv-repo","24"
"cloudstateio","cloudstate","1432"
"sureindia-in","pipelines-kfp","12"
"smtcrms","tutorials","90"
"ches","dotfiles","8"
"apache","flink","25834"
"rohankumardubey","buck","6"
"hnaderi","lepus","734"
"AND-Digital-Jemison","coderdojo-1-refactoring","10"
"nemac","nfwf-mvp-server-OLD","202"
"gertschouten","kafka-connect-jdbc-event-store","73"
"guochuanzhi","flink","3969"
"srvaroa","dotfiles","4"
"vkvish19","kafka-connect-jdbc","73"
"hawksley71","myRepository","26"
"Vocht","GildedRose-Refactoring-Kata","6"
"markusstrasser","haskell","133"
"apache","openwhisk-runtime-swift","943"
"getsentry","examples","6"
"GerritCodeReview","plugins_high-availability","39"
"RanjeetMishra","Apache-Kafka-Core-Documentation","8369"
"aswinpj","Pygments","559"
"jerryjch","ApacheHBase","128"
"rohankumardubey","examples","14"
"pragmalang","pragma","1846"
"bylee5","pgJDBC-issue","1"
"toannguyen2","ignite","4116"
"Aeschautomator","Thirdeye-security-scanner","39"
"jindo6996","hackto","6"
"rohankumardubey","logging-log4j2","156"
"alexskyer","kafka","9140"
"thaylongs","SAMbALegacy","29523"
"yuanlairucisky","julia","2"
"SuleimanEarthlink","nuxeo","586"
"Xi-Plus","OJ-Code","1"
"argan","binary-refactor","2"
"aesc-silicon","elements-vexriscv","1942"
"foundweekends","giter8","888"
"NVIDIA","spark-rapids","4258"
"pranab","avenir","141"
"facebookresearch","ReAgent","80"
"RagnarGrootKoerkamp","BAPCtools","2"
"softwaremill","magnolia","874"
"compiler-explorer","compiler-explorer","1"
"singh4java","poc","90"
"http4s","http4s","28161"
"souffle-lang","souffle","2"
"jly36963","notes","3"
"wix","specs2-jmock","84"
"reviewdog","errorformat","8"
"swamp0407","test","44"
"Leonidas-from-XIV","sandbox","5"
"guardrail-dev","sbt-guardrail","114"
"davidB","scala-maven-plugin","118"
"emartech","jwt-akka-http","24"
"Norsk-Tipping","kafka-connect-jdbc-event-store","73"
"derekwyatt","vim-scala","43"
"bamdada","FL-Fiji-biology-images","1"
"sleepo-chin","enterprise-gateway","5"
"xiaomaolau","swagger-api","2652"
"opendigitaleducation","entcore","236"
"ucinlp","bibere","91"
"amacsnyk","sbttestfile","216"
"evolution-gaming","kafka-flow","912"
"jampani80","Tutorial","90"
"openlawteam","docs","2"
"frs69wq","simgrid","18"
"s5907","NAI","26"
"hacktoberfest17","programming","8"
"peterkiss","ftloops","4249"
"melix","jmh-gradle-plugin","11"
"uber","okbuck","4"
"cn007b","stash","23"
"igstan","linguae","539"
"shivmgg","PACE_tvm","308"
"gchudnov","kprojekt","416"
"leonard207","redis-6.0.5","44"
"cielavenir","codeiq_solutions","48"
"scapegoat-scala","sbt-scapegoat","70"
"leonwilson21","ece435","9"
"blackavg","rabbitmq-tutorials","28"
"ACINQ","bitcoin-lib","572"
"wonderfan","codefest","3"
"ajohnson10209","AOT-Fellowship","8"
"dwijnand","sbt-project-graph","30"
"klg71","mayope_pgjbc","1"
"gattupallysrinu","helloworld","11"
"flowcommerce","lib-unit-of-measurement","101"
"Vdf-HumansInLearning","GildedeRose-Refactoring-Kata","6"
"Kotlin","kotlin-spark-api","103"
"neowal1","neowal1","1067"
"rohankumardubey","scio","11009"
"armanbilge","gcp4s","235"
"willi669","generator-jhipster","44"
"Twiggecode","Integer-Sequences","2"
"tomjer123","opencv_github","26"
"ShadowsocksR-Live","ssrDroid","2625"
"geoffreywiseman","adventofcode","8"
"broadinstitute","agora","1151"
"ArtiomR","GuildedRose","6"
"zio","zio","14561"
"btcontract","IMMORTAN","2263"
"awslabs","deequ","501"
"broadinstitute","rawls","8255"
"G-Research","spark-extension","79"
"spedroza82","helloworld","11"
"typelevel","cats-time","329"
"Loopring","DEX-API-V3","3"
"jpdna","mango-private","923"
"tlc-pack","tenset","308"
"scalaz","scalaz-deriving","2066"
"joseandres8","ProyectoColores_JyA","2"
"cgerum","tvm_tutorial","308"
"gladiaio","gladia","392"
"YJcheon","Empty_Parking_Lot_searching","26"
"confluentinc","kafka-connect-jdbc","73"
"rjeb","cs152","171"
"odpf","dagger","54"
"cttestid41","Apache_Hbase","259"
"com-lihaoyi","Ammonite","5824"
"Aniket965","Hello-world","20"
"evolution-gaming","sequentially","132"
"earldouglas","xsbt-web-plugin","946"
"jonnycrunch","c9","10"
"twitter","cassovary","971"
"bazelbuild","rules_docker","2"
"julianpeeters","avrohugger","2616"
"SumoLogic","epigraph","3356"
"jhavierc","spring","31"
"ForeverRunner","redis-note","44"
"zmmx011","kafka-connect-jdbc-altibase","73"
"bwcx-aws","data-science-on-aws-workshop","10778"
"swaldman","ens-scala","118"
"hacklanta","lift-formality","101"
"alan-turing-institute","advent-of-code-2021","35"
"visinha","hello","11"
"edmunds","databricks-maven-plugin","15"
"gfc-collective","sbt-aws-lambda","121"
"venkat-amg","Test-Repo-2","13"
"vespa-engine","vespa","1005"
"herveDarritchon","ugglytrivia-formation","6"
"vladovel","knative-docs","5"
"alxxjohn","xgboost","760"
"parmance","tvm","137"
"emartech","gcs-bigquery-scala-api","150"
"Macarse","50AH-code","4"
"cf-testorg","cucumber-jvm-test","375"
"OussamaSghaier","smile-bot-test","593"
"brack3t","django-braces","4"
"lilydjwg","swapview-rosetta","3"
"shubhj","instinct","11"
"eatnumber1","goal","27"
"albertpastrana","uscala","81"
"leoalexand","aws-ds-NLP-BERT","7681"
"indy256","codelibrary","52"
"commercetools","commercetools-docs-kit","1"
"fulcrumgenomics","dagr","972"
"heroku","heroku-buildpack-scala","24"
"h77h7","tvm","354"
"fossabot","xenocosm","989"
"chovy-3012","hdp-hbase","53"
"atnos-org","eff","2100"
"19970126ljl","tvm_licm","308"
"nizhiqi1","spark1","30317"
"velvia","ScalaStorm","144"
"allure-framework","allure-java","30"
"liftmodules","machine","519"
"moozzyk","AdventOfCode","59"
"vvondra","advent-of-code","67"
"occidere","GithubWatcher","135"
"akka","akka-persistence-dynamodb","288"
"iwashitah","jfrog-project-examples","2"
"jawabpm","OpenAPI","88"
"scalameta","mdoc","1441"
"AlDanial","cloc","1"
"askymore","Antox.sdk","3476"
"rohankumardubey","incubator-heron","201"
"askymore","SigTox","174"
"tylerjohnhaden","cloud-project-8","2490"
"askymore","Antox-local","3406"
"qinwang","spark","29877"
"cucumber","cucumber-jvm","375"
"smartan123","redis","44"
"agourlay","json-2-csv","97"
"Ggoals","spark2.2_custom","28651"
"krausest","js-framework-benchmark","40"
"yunha821","java","156"
"davidrobert","trainings","7"
"pwherman73","kafka-connect-jdbc","73"
"TomMD","apache-camel","1216"
"sailfishos-mirror","pygments","50"
"databrary","databrary","3524"
"openequella","openEQUELLA","2083"
"mapachurro","OpenLease","472"
"youseebiggirl","rrrr","44"
"airvin","fp-course","133"
"capnproto","capnproto-java","166"
"spotify","flo","115"
"http4s","http4s.g8","106"
"Alefas","playframework-fork","9633"
"streamline-eu","dynamic-flink","7519"
"photogamerun","hbase","264"
"SoushiAnzai","scalajs-spa","314"
"TamirDemo","apachePhoenix","125"
"humberto-garza","VideoJuegos","2"
"zeyu203","redis_source_commend","44"
"lichess-org","lila","72247"
"hust-wuwechao","mxnet_888888888","1208"
"innoq","activator-play-roca","116"
"rohankumardubey","julie","28"
"hnaderi","edomata","757"
"akka","akka-grpc","2550"
"Rahul7171","DSA-BOOTCAMP","1"
"sbt","io","724"
"lilcheti","shadowsocks-android","2625"
"eric-erki","snowplow","8003"
"IsratIJK","URI-Problem-Solve","1"
"twitter","summingbird","3864"
"databricks-edu","build-tooling","17"
"GeraldHuang82","Chipsel","3069"
"haoyang9804","tvm-exp","308"
"PatrickAnnie","TVM_for_CIM","308"
"emartech","scala-logger","394"
"noble3636","test","11"
"chipsalliance","chisel3","3386"
"devopsforarshan","hello-world","11"
"jc-lab","sqlcipher-jdbc","2"
"microsoft","SynapseML","5675"
"full360","prometheus_client_scala","430"
"Jniecor","escenario2","2"
"andygrove","how-query-engines-work","187"
"ric96","opencv-aarch64","26"
"playbar","gllearn","8"
"amitt001","codebuddy","2"
"fauna","faunadb-jvm","1136"
"Comcast","ip4s","375"
"scalapb-json","scalapb-json-common","275"
"fsouza","fake-gcs-server","2"
"lumig242","Hue-Integration-with-CDAP","1031"
"fakeNetflix","twitter-repo-ostrich","1462"
"viash-io","viash_web","6"
"abhishek-ca","apache-spark","30595"
"sharkdp","bat","2"
"mahyarnajibi","SNIPER-mxnet","1918"
"ln-vortex","ln-vortex","808"
"j5ik2o","sw4jj","33"
"skanev","playground","268"
"k8s-docs","knative-documentation","5"
"flowcommerce","lib-log","61"
"NXPmicro","neo-ai-tvm","307"
"sbt","sbt-dynver","163"
"asdredmitry","opencv","26"
"HrithikMittal","Hacktoberfest2k20","7"
"kyleburton","sandbox","62"
"holdenk","spark-testing-base","957"
"alexarchambault","ammonite-spark","224"
"Sreelal-VU","sample-sonarqube-repo4","6"
"Asteur","deep-qa","441"
"Sciss","Mellite","9594"
"winbarani","Snowplow","8003"
"andreaferretti","lethe","655"
"rikvdkleij","intellij-haskell","4807"
"babuyashwanth","cd-xgboost","760"
"pentester5530","camel","1216"
"ksdc2020","helloworld","13"
"analogweb","analogweb-scala","660"
"prisma","prisma-engines","1921"
"rosenhristov","rabbitmq-tutorial","28"
"optics-dev","Monocle","6538"
"sbt","sbt-native-packager","1081"
"Robert-Nickel","lightbulb-learning","174"
"skorpion77","basex_2","10"
"pcf2cloud","Tutorial","31"
"beilei2017","spark_ml_data","27646"
"DataDog","dd-trace-java","233"
"nryanov","genkai","534"
"lifeSo","spark-fork","30429"
"rftamilmani","Hello-world","3"
"ScottSedgwick","fp-course","133"
"srini4547","Jfrog","2"
"takezoe","solr-scala-client","305"
"wasted","netflow","493"
"pmpawase","test-project-examples","2"
"eric-erki","bokeh","67"
"reeeeeeeeeeeeeeeeeeeeeeeeeeeeeeeeee","reeeeeeeeeeeeeeeeeeeeeeeeeeeeeeeeeeeeeeeeeeeeeeeeeeeeeeeeeeeeeeeeeeeeeeeeeeeeeeeeeeeeeeeeeee","1"
"typelevel","squants","2045"
"rohankumardubey","slick","4641"
"cur1osityay","gitbucket","5989"
"QUANTAXIS","QUANTAXIS","8"
"Antostef","trivia","6"
"zio","zio-nio","861"
"RogerDeng","opencv","26"
"DjamshidDjurayev","timespot","298"
"pranathigundu","bamboo-test","11"
"BME-MIT-IET","iet-hf2021-regression","373"
"naveen554","jhipster-php","44"
"ShekharGaurav","MLFlow","1"
"comsec-group","cellift-chipyard","1370"
"gengstrand","clojure-news-feed","307"
"bicistits","mmcgrana","9"
"judicaeldehotin","pdal_nuagepoints","57"
"jryden2","KeyDB","44"
"HaliteChallenge","Halite","19"
"fakeNetflix","twitter-repo-scala_school","38"
"NerdonblooR","SparkHyperCubeJoin","27064"
"Aartisarode","Hello_World","12"
"mshadish","lendingclub","1"
"zzcclp","spark-adaptive","28140"
"xlogan777","github_repo1","10"
"rajatguptakr2","ng-cordova","2"
"mvali95","slick","4397"
"patrickapiiro","openAPI-demo","88"
"GrowBox-Cloud","gbc-home-base","1"
"muhammadali8767","rabbit_php","28"
"openbabel","openbabel","1"
"andrewsu129","xgboost","755"
"awslabs","deeplearning-benchmark","13"
"runsascoded",".rc","4"
"mirage335","ubiquitous_bash","2"
"evolution-gaming","kafka-journal","6412"
"aniketrangnekar","Framework","742"
"xiongsongsong","c9","9"
"ConsenSys","orion","7"
"PanicJaw","Flink_Exp","22146"
"AartiGorade","iotx","27996"
"makenowjust-labs","recheck","2649"
"sireum","air","318"
"wan9c9","quantaxis_copy","8"
"squeryl","squeryl","1935"
"apache","logging-log4j2","156"
"smtcrms","pulsar","4"
"jaynblue","AllJavaTutorials","31"
"ToToTec","CmdOption","100"
"djspiewak","anti-xml","730"
"juliusvonkohout","pipelines-namespace-isolation","12"
"gaogf","https-github.com-apache-spark","26866"
"TU-Berlin-DIMA","sage-flink","6826"
"seraphr","narou-tools","324"
"sainatha123","Scala-Maven","1364"
"nscala-time","nscala-time","433"
"arfacamble","gilded-wose","10"
"guillaume8080","InversionDeControle","6"
"com-lihaoyi","os-lib","554"
"xeoneux","30-Days-of-Code","17"
"TOSHIBA223","code-problems","3"
"xinfei2020","geoserver4","36"
"jacklesplat","ql_emc_statsd","1"
"algorithm-archivists","algorithm-archive","11"
"lanshuijuntuan","Java.util","1857"
"zenware","FizzBuzz","3"
"rbellannagari","jfrogjenkins","2"
"fridujo","rabbitmq-mock","2"
"huawei-noah","streamDM","806"
"PallaviVedpathak","Hello_World_Testing","12"
"gicLAB","tvm-GSPC","308"
"benknoble","junk-drawer","4"
"oap-project","remote-shuffle","4851"
"msgpack4z","msgpack4z-native","136"
"raquo","Laminar","1333"
"PDAL","PDAL","57"
"kputnam","stupidedi","54"
"vruusmann","blog","3"
"ihocher","GuildedRose-Refactoring-Kata","10"
"ibokuri","zig-by-example","9"
"scalacenter","scalajs-bundler","478"
"KnothHe","redis-5.0","44"
"uchuugaka","pygments","595"
"openzipkin-attic","docker-zipkin","3"
"rlrobles","ProjecMAtifactory","2"
"pratikfegade","cora","137"
"jensandrae","OpenAPI-Specification","88"
"MaterializeInc","pgjdbc","3"
"creativescala","doodle","1282"
"scala","scala-rewrites","312"
"juliapersian","julia","2"
"jonatan-ivanov","resourceater","7"
"lightbend","sbt-paradox-apidoc","156"
"ram100RAM","java","2"
"nikosnikolaidis","pulsar","4"
"hans-lizihan","js-benchmark","32"
"voyages-sncf-technologies","hesperides","31"
"jconway325","algo_repo","3"
"Eureka1996","flink","23696"
"gaoyike","flink_local","4748"
"ruippeixotog","scala-scraper","535"
"twitter","chill","917"
"typelevel","kind-projector","75"
"BigWii","hbase-src","297"
"elixir-europe","BioHackathon","61"
"felixmulder","felixmulder.github.io","67"
"mitra-anirban","devops","11"
"debasishg","scala-redis","939"
"dwestheide","kontextfrei","305"
"armanbilge","schrodinger","736"
"rubenvidalcss","test-gamma-postgresjdbc","1"
"wartremover","wartremover","1418"
"sumkincpp","CodeTest","32"
"OpenBankProject","OBP-API","26295"
"Happy0","wordify-webapp","20"
"Mywk18","https-github.com-microsoft-sql-server-samples","9"
"BryantChang","BryantChang_Spark","27583"
"Rahul-tcs","C-Program-Files-Git-workspace","3"
"jsalmat0910","escenario2","2"
"ctc-oss","omega-edit","132"
"xtonousou","xtonousou.github.io","4"
"ruippeixotog","advent-of-code","3"
"gfc-collective","gfc-logging","12"
"ehnryx","acm","2"
"camilocastellanosg","SDLF","3"
"retana","Tutoriales","31"
"oap-project","pmem-spill","4749"
"hengwei-chan","openbabel","1"
"deanwampler","programming-scala-book-code-examples","4453"
"guardian","amigo","811"
"gilyas","serverless","11"
"Balaji-P","artifactory-project-examples","2"
"chirino","amqp-benchmark","126"
"marcuskd","bokeh","67"
"dnadales","sandbox","9"
"fusons","spark","25098"
"snowplow","snowplow-elasticsearch-loader","895"
"zzvara","spark-dynamic","30438"
"keyboard-clacker","Juliet","6"
"http4s","http4s-dom","122"
"JonJagger","cyber-dojo","39"
"sheida1","sheida1","11"
"sailfishos-mirror","shared-mime-info","3"
"fakeNetflix","twitter-repo-scrooge","1886"
"and3rson","dotfiles","2"
"jorkey","vm-update","6151"
"4630599","ng-cordova","2"
"apache","clerezza","1809"
"flix","flix","19700"
"argonaut-io","argonaut-monocle1","2275"
"SpaceVim","SpaceVim","12"
"wenxcsstore","tvm.dx","308"
"7b3cbaf1","ASDAAA","27318"
"apache","doris","35"
"jeymer","lazy-cypher-old","134515"
"bigdatagenomics","adam","4870"
"seratch","notion-sdk-jvm","16"
"fnreality","asmgraph","14"
"whyDK37","kafka_source","12338"
"metabookmarks","sbt-plantuml-plugin","9"
"hmrc","self-assessment-api","1542"
"MatStill-mmu","SQL","2"
"pujabgl","API","9"
"BijinaSafiyaa","djl-demo-imran","23"
"LabinotVila","intelli-dota","286"
"eliben","pss","1"
"gaogf","spark","27260"
"kelvins","Algoritmos-e-Estruturas-de-Dados","16"
"canlzz","leetcode","17"
"aidanwhiteley","books","9"
"nrinaudo","kantan.csv","4143"
"tkwmtm","C9","9"
"WayofTime","BloodMagic","4"
"runtimeverification","k","393"
"playframework","play-ws","1131"
"risenforward","itspixie","15529"
"project-sunbird","knowledge-platform-jobs","4156"
"yinweiwen","study","28"
"linkedin","cruise-control","22"
"siddhi-io","siddhi","8"
"kikofernandez","kikofernandez.github.io","9"
"Dwolla","scala-cloudflare","516"
"panchograblev","gilded-rose-kata","6"
"TiberoClient","jdbcconnector","73"
"liufengyun","dotty","69633"
"GoogleCloudDataproc","spark-bigquery-connector","682"
"QuiNovas","apache-pulsar","4"
"spring-attic","spring-xd-samples","1"
"hanankem","project-examples","2"
"The-Actual-Damien","https-github.com-gradle-gradle.nickfoaf","699"
"Voldemort373","CP","1"
"moszinet","BKKCrypt","2"
"zio","zio-json","534"
"Ngone51","spark-read","29201"
"theroyalraj","CodeLibrary","52"
"testcontainers","testcontainers-scala","591"
"acmfi","AdventCode","2"
"bellmit","eugenp_tutorials","90"
"Sunbird-Lern","data-pipeline","4163"
"bfitz1","data61-fp-course","133"
"prismofeverything","gaia","740"
"shinh","test","2"
"TaylorPhebillo","GildedRose","6"
"pmpawase","test-project-examlple-pp","4"
"552103917","opencv3.4","17"
"scouvreur","hackerrank","39"
"Scalingo","scala-buildpack","24"
"hashbase","hashbase","263"
"msgpack","msgpack-ruby","8"
"atubo","online-judge","85"
"VSaliy","opengrok","13"
"Graylog2","graylog2-server","140"
"jjthomas","spark-nvl","22636"
"geomesa","geomesa-geoserver","49"
"yxyyyt","dev","84"
"pingcap","tispark","3154"
"sbt","sbt-avro","105"
"wso2","orbit","2"
"h77h7","tvm-04.26","308"
"microsoft","azure-tools-for-java","156"
"malli9","mxnet","2034"
"aivanou","algorithms","53"
"philipjung164","atlas","715"
"WebWorksCollection","c9core","9"
"erikdiessel","plidoc","2"
"Jazmann","openCV-Cxx11","21"
"xxab123","spark2","27524"
"nikosnikolaidis","tinkerpop","27"
"yasani18","R","30291"
"kernelai","pika-cli","44"
"zt706","mxnet_for_ssd","1047"
"conda-forge","regions-feedstock","2"
"mafernandez-stratio","spark-mesosphere","17529"
"typelevel","fs2","12800"
"ryskajakub","crm","34"
"kdbvier","hacker-scripts","2"
"jetbrains-academy","scala-tutorial","88"
"yugabyte","yugabyte-db","21"
"msgpack","msgpack-java","392"
"atom-community","atom-script","1"
"databricks","spark-deep-learning","39"
"streamline-eu","ML-Pipelines","4298"
"Anyz01","smile","592"
"shumbul","OpenGenus-cosmos","373"
"SEMI-TS","redis","44"
"kkoomen","vim-doge","6"
"doro-watcha","Ditto","95"
"Texera","texera","2240"
"kubeflow","pipelines","12"
"sdonataccio-handy","spark-fork","28487"
"eric-erki","Antox","3410"
"shinh","ags","1"
"GuzAza","Warkoz","2"
"sigopt","sigopt-examples","7"
"rohankumardubey","scalac-scoverage-plugin","1445"
"AntonEstrela","Examen_pes","93"
"embeddedkafka","embedded-kafka-schema-registry","253"
"open-rpc","spec","88"
"nv-vn","youreasquidnow","6"
"vikashjha26","projects-example","2"
"jasync-sql","jasync-sql","3283"
"mrsimple1982","codegenerator","44"
"cttestid41","Apache_Spark","27543"
"attorneycoverage","ac_client_codegen","2630"
"unixdotfiles","misc-scripts","3"
"plumsEniy","spark","28385"
"tersesystems","echopraxia","149"
"trifonnt","generator-jhipster-x2","44"
"http4s","http4s-io.g8","111"
"amit-devops","gradle","441"
"apache","tinkerpop","27"
"autozimu","LanguageClient-neovim","2"
"mozilla","gcp-ingestion","15"
"kcrypt","scala-biginteger","243"
"actor-framework","actor-framework","65"
"wavesplatform","Waves","47158"
"kucherenko","jscpd","10"
"MBMariana","face","26"
"scalableminds","webknossos","16312"
"shuvo1533","tempCamel","1216"
"Johnlon","openapi-generator","390"
"kornypoet","dotfiles","140"
"santhosh15lm","Hacktoberfest","3"
"chandrakalakuppam","scala-maven","1360"
"asakusafw","asakusafw","115"
"dmbuildpipeline","timeseries","795"
"kevoliva","GildedRose-Refactoring","6"
"autonomatix","apache-spark","30295"
"linkerd","linkerd","2309"
"typelevel","typelevel.github.com","22"
"Holarse-Linuxgaming","website","4"
"metawidget","metawidget","47"
"tripledio","trivia-refactor-kata","6"
"MAIF","izanami","2534"
"ankarp","fp-course","133"
"mbustosorg","who-won","180"
"Javran","Thinking-dumps","44"
"Divyasahu15","hello-world","12"
"prateek-s","dspark","28542"
"VladimirNik","mars-gsoc-2014","49114"
"codeBabyLin","DynamicGraph","162"
"lensesio","stream-reactor","10152"
"hilton","hilton.github.com","13"
"HannesBenson","fp-course","133"
"jointcloud-buaa","G-Spark","26301"
"wwwtop","skywalking","35"
"wakatime","wakatime-cli","2"
"xerial","sqlite-jdbc","2"
"hmrc","plastic-packaging-tax-registration-frontend","4450"
"awsdevops009","jfrog-artifact","2"
"awaitility","awaitility","29"
"scalacenter","scaladex","5678"
"SayWhat04","Gilded-Rose-Kata-Solution","10"
"vadopolski","JavaToScala","90"
"jmblog","dotfiles","2"
"xuanyuanking","spark-adaptive","28140"
"autarchprinceps","Reactive-Load-Generator","113"
"programmerkgit","ace-typescript","4"
"apache","openwhisk-runtime-nodejs","919"
"EventStore","EventStore","2"
"mikekaminsky","dotfiles","24"
"GregTechCEu","GregTech","4"
"oap-project","arrow-data-source","4733"
"SwissBorg","akka-persistence-postgres","2347"
"xuwei-k","shapeless-java-records","28"
"yaroot","dotfiles","2"
"SuperCielo","sceu","27897"
"mcao","hacktoberfest-2019","3"
"ryujaehun","one-shot-tuner","308"
"pratikregal1a","docker","6"
"shrikant-rajappan","pinot","54"
"ngpgopi","parquet-mr","1"
"lunes-platform","lunes-node","19392"
"scalatra","scalatra-website","12"
"d2a4u","meteor","306"
"typelevel","spire","6819"
"Visistema","Spark","30258"
"Legal-Dan","gilded_rose_ruby","10"
"lightbend","config","457"
"jiegec","fpu-wrappers","389"
"tofu-tf","tofu","3784"
"scanamo","scanamo","2511"
"CDevOp","HelloWorld","3"
"querydsl","querydsl","846"
"scala","make-release-notes","65"
"nikosnikolaidis","incubator-pinot","39"
"kaitai-io","kaitai_struct_compiler","3193"
"snowflakedb","spark-snowflake","2063"
"gszhuang","hbase_study","125"
"cloudstateio","kotlin-support","4"
"microsoft","recommenders","61"
"vegansk","sculptor","1005"
"NetLogo","NetLogo","12210"
"typelevel","jawn","722"
"viering","spark_cm_use_case","30524"
"returntocorp","ocaml-tree-sitter-semgrep","8"
"charpty","redis-source-reading","44"
"ukwa","webarchive-discovery","20"
"typelevel","mouse","438"
"streamline-eu","unified-dataflow","4182"
"scala","nanotest-strawman","855"
"wsjz","selectdb","35"
"ldct","cp","1"
"multivacplatform","multivac-ml","165"
"Ahmed00006","SparkCode","893"
"DloveKk","geo","36"
"jakbtg","tdd-part4","10"
"sdoxsee","poc-WebClientHttpInvokerRequestExecutor","90"
"chaitanyamg","web_hook","12"
"big-unibo","project-template","15"
"Saumyashu","hello_world_testing","12"
"jiajunhua","opencv-opencv","26"
"wartremover","wartremover-contrib","266"
"virtualeconomy","v-systems","18758"
"11JJChina","spark","30338"
"readmeio","markdown-magic","1"
"booksbyus","zguide","2"
"fire","FrameworkBenchmarks","605"
"iheartradio","ficus","490"
"zotijs","dockerized_fp_course","133"
"garden","plugs","6"
"fsanaulla","chronicler","6617"
"harkauh","helloW","12"
"scalaz","scalaz","15384"
"scala-exercises","exercises-circe","140"
"Guimoye","opencv-master","26"
"iPieter","kiwi","41"
"bazelbuild","rules_jvm_external","6"
"sirthias","parboiled2","1433"
"omishyn","generator-jhipster","44"
"cosmicexplorer","learning-progress-bar","6"
"bergren2","konigsberg-ruby","6"
"apache","incubator-kyuubi","2557"
"corda","djvm","3"
"ekino","ekino-tools-version","306"
"lefou","mill-integrationtest","68"
"irrer","aqa","5163"
"jainaman224","Algo_Ds_Notes","1"
"Jazmann","OpenCV-2017-Sliced","26"
"simplexspatial","simplexspatial","273"
"ghostFaceKillah","ghostFaceKillah.github.io","3"
"dchmin","camel","1216"
"jupyter-attic","declarativewidgets","40"
"yxhuangCH","RxJava2Record","937"
"com-lihaoyi","scalatags","1467"
"outsideris",".vim","8"
"lballabio","QuantLib-SWIG","26"
"multivacplatform","multivac-wikipedia","68"
"XuDaojie","Java","7"
"nyyppa","bizfitFileServer","3"
"victorfernandesraton","grammer-4","13"
"manisit09","Manish-Test-1","20"
"WellFactored","property-info","9"
"dbpedia","extraction-framework","11572"
"DnotCf","geoserver","36"
"ciren","cilib","971"
"seglo","kafka-lag-exporter","624"
"ya0guang","tvm-wasm","308"
"fakeNetflix","twitter-repo-twitter-text","3"
"nishantverma160380","aws-tutorials","31"
"skambha","spark-ri","29705"
"robdmc","dot_files","12"
"sauravmondallive","OpenCV-Master","24"
"AchimKO","ACETest","4"
"guardian","prout","358"
"benthecarman","OP-RETURN-Bot","191"
"csordelet","BokehApp","67"
"broadinstitute","workbench-libs","2487"
"qaseleniumtesting01","GithubScalaSbt","245"
"BigWii","https-git-wip-us.apache.org-repos-asf-hbase","297"
"ritorujon","GildedRose-Refactoring-Kata","6"
"typelevel","feral","304"
"mcoblenz","Obsidian","1062"
"SummerSec","logging-log4j2","156"
"wellcomecollection","catalogue-pipeline","21387"
"PlummersSoftwareLLC","Primes","9"
"mcsherrylabs","sbt-native-packager","983"
"nabihaziz","testing","13"
"tejeswar2020","Collab","1753"
"jonathanj","adventofcode","54"
"zio","zio-prelude","2264"
"chipsalliance","treadle","591"
"mahadevswamy","algorthms","1"
"G-Research","spark-dgraph-connector","935"
"rosshamish","dotfiles","8"
"woxelworks","metrkd","2"
"ewirkerman","Halite-III","177"
"Prudhvikartheek","spark","30291"
"srthiru","cs441-assn3-logsearch","69"
"xiaobing007","hbase","108"
"apache","phoenix","125"
"SpringMT","study","6"
"On-teste-les-organisations","gerrit","7"
"Emir999","-RBS--Red-Back-Spider","16968"
"ravich999","spark","26197"
"srthiru","cs441-assn2-logalyzer","44"
"big-data-europe","docker-spark","1"
"box0708","opencv_haar_files","26"
"algorithmiaio","dev-center","8"
"typelevel","sbt-typelevel","626"
"apache","incubator-pegasus","64"
"higumachan","incubator-mxnet","2324"
"oneapi-src","oneDAL","82"
"polaris707","mlflow","4"
"allenai","deep_qa","441"
"JasonGross","pygments-main","553"
"Abraham-LeeJay","spark","30418"
"deanwampler","spark-scala-tutorial","893"
"parsrijo","LeetCode","17"
"apache","openwhisk-runtime-python","907"
"ECE592-TeamA7","OpenCV","26"
"gradle","playframework","120"
"GoogleCloudPlatform","professional-services","387"
"longhai3395","spark-timeseries","795"
"ashocky","earthly","11"
"avysk","My-Vim-Config-8","6"
"sbt","sbt-jacoco","803"
"SENJATAISEKAI","jhipster","44"
"valeriypj","project-examples","2"
"guliashvili","Halite-III-Bot","194"
"LeeTibbert","scala-native-trials","8535"
"bitcoinprivacy","Bitcoin-Graph-Explorer","1086"
"shwetapawar5600","helloWorldTesting","12"
"photogamerun","spark","28666"
"itri-tvm","Relay2ONNX","308"
"sei40kr","doom-emacs-config","1"
"abhinav-jain09","CMAK-AJAIN","1251"
"mohiva","play-silhouette","2741"
"smook1980","sourcegraph","3"
"saurfang","spark-sas7bdat","130"
"sbt","zinc","5542"
"slick","slick","4746"
"RAHULSAI14231","jhipster","44"
"andrewmccall","scala-faker","92"
"DataBiosphere","leonardo","8317"
"gszhuang","spark_study","25411"
"rohankumardubey","Delta","972"
"wicketstuff","core","352"
"cchang83","PMD","34"
"TileDB-Inc","TileDB-Spark","9"
"captgao","tvm-de10pro","308"
"pranab","beymani","143"
"dunglas","mercure","10"
"traymondbiz","TriviaGameRefactoringExercise","8"
"delta-io","delta","1886"
"benthecarman","PSBT-Toolkit","320"
"wix","wix-http-testkit","627"
"BitMEX","api-connectors","1401"
"AbdeljalilNachi","myCollab","1753"
"lion92","marsRover","6"
"hbz","nwbib","8"
"codereport","LeetCode","16"
"tototoshi","slick-joda-mapper","135"
"shuhan2","gilded-rose","6"
"scalyvladimir","sb-spark","27"
"Liwukong","Julia","2"
"fulcrumgenomics","fgbio","1222"
"GiganticMinecraft","SeichiAssist","8097"
"eto-ai","rikai","347"
"mariusz89016","old-flink","5795"
"jSherz","lsd-members","1327"
"Bate90","GoogleCloudPlatform-Training-data-analyst","31"
"varshapalat","batch-data-pipeline","180"
"olenleo","tdd_legacy_code","10"
"vejandlakrishna","Camel","1066"
"google","CFU-Playground","2"
"CGnal","cgnal-data-ingestion","85"
"manboubird","dot-files","2"
"arifrabbanishaik","IBM-Zeppelin","14"
"karthikn343","hhh","2"
"hellozhxy","playframework","9787"
"aloneguid","parquet-dotnet","4"
"power-lin","test-cat","6"
"complate","complate-spring-mvc","7"
"saurfang","spark-knn","202"
"connollyst","little","4736"
"foundweekends","conscript","264"
"gchq","Gaffer","25"
"j5ik2o","docker-controller-scala","656"
"ICOS-Carbon-Portal","meta","4859"
"verifast","verifast","1"
"allegrofb","tvm_v0.8","308"
"mpollmeier","gremlin-scala","2449"
"SingleFuji","sarasvati","28"
"Blaisorblade","dot-iris","20"
"0rora","0rora","309"
"fluency03","kafka","8853"
"tesseract4java","tesseract4java","12"
"sureally","kafka-source-reading","10758"
"pnas","dockerized_fp_course","133"
"sixsigmapymes","jhipster","44"
"cloudstateio","springboot-support","7"
"spotify","dbeam","225"
"realguoshuai","hadoop_study","47"
"mahedi-kaysar","spark-test","25594"
"Zeeshan2901","apache-pinot","39"
"RahulKarun","Demotry","9"
"maroianenasrellah","opencv","26"
"typelevel","scalacheck","1968"
"nishantverma160380","Spring-Cloud-Tutorial","89"
"hroncok","shared-mime-info-3dprint","1"
"enso-org","enso-staging","7859"
"hnakamur","cargo-deb","5"
"dfdx","Spark.jl","96"
"broadinstitute","firecloud-ui","1321"
"caseycling","gildedrose-refactor","10"
"vngrp","dpg-gilded-rose","10"
"ryoshimizu","c9","3"
"lefou","mill-osgi","72"
"sandy2594","sample2","13"
"lprimeroo","DSA","2"
"circe","circe-generic-extras","343"
"ggzone","spark-commit","17526"
"johneleks","opencv","24"
"Jacek1993","tutorial","31"
"evolution-gaming","scache","322"
"databricks","databricks-cli","4"
"mksoni29","6sept","31"
"CrazyReason","opencv_yuanshi","26"
"kwanghoony","kwanghoony","61"
"CodeMettle","akka-solr","396"
"scalapb-json","scalapb-argonaut","283"
"mxm","flink-mesos","3971"
"Aksh5697","spark_apache","30423"
"GerritCodeReview","plugins_gc-conductor","11"
"spullara","mustache.java","49"
"shadowsocks","shadowsocks-android","2625"
"drivanov","upstream","2462"
"veltzer","demos","6"
"flowcommerce","dependency","1316"
"FrankSen","flink-flink","23209"
"datarobot","datarobot-user-models","20"
"mithril-security","crossbeam-sgx","4"
"crealytics","spark-excel","402"
"willislwang","delta_caching","558"
"balaknathan","sarasvati","28"
"GoogleChromeLabs","text-app","2"
"axsistecnologia","rabbitmq","28"
"mayank-gokarna","JaVARx","937"
"Ssk1234321","logginglog4j2","156"
"d40cht","StackFlyOver","224"
"zorro2017zdc","cp_opencv","26"
"chenpengchuan","jdbc-connector-for-apache-kafka","73"
"adatzer","snowplow-tmp-1","10407"
"pradsjfrog","gradle-example","2"
"algorithmiaio","langpacks","5"
"Infoblox-CTO","parquet-mr","1"
"ucb-bar","chiseltest","921"
"lightbend","mima","3181"
"emworks","react-backbone-todos","68"
"apache","openwhisk-runtime-php","880"
"rohankumardubey","pulsar","4"
"google","paco","2"
"Apekshamadavi0817","Day_1","12"
"yahoo","CMAK","1203"
"dedis","popstellar","2490"
"Apekshamadavi0817","H1","12"
"hseeberger","akka-http-json","557"
"geomesa","geomesa-tutorials","6"
"lidihao","sparkSrc","30335"
"playframework","play-samples","1258"
"open-telemetry","opentelemetry-java-instrumentation","371"
"cprieto","pygments","559"
"precog","platform","12609"
"erikerlandson","coulomb","836"
"guardian","giant","153"
"cemoulto","cetera","907"
"tinylog-org","tinylog","58"
"guardian","content-api-scala-client","1102"
"outbrain","ob1k","22"
"returntocorp","pfff","68"
"ReactivePlatform","Pragmatic-Scala","2213"
"geonetwork","core-geonetwork","2"
"zyongye","fass-base-container-flask","875"
"jmock-developers","jmock-library","1"
"paulbutcher","ScalaMock","1813"
"agourlay","cornichon","5499"
"FahimFBA","URI-Problem-Solve","1"
"varadhodiyil","kibana-auth","4"
"xcgoner","AISTATS2020-AdaAlter-MXNet","2477"
"Rajpal-Diwaker","ACM-ICPC-Algorithms","6"
"apache","atlas","715"
"dianping","cat","6"
"sagpant","PDAL","57"
"erdeszt","graphient","348"
"jesseweed","seti-ui","2"
"trussworks","react-uswds","10"
"xuwei-k","iarray","298"
"Grogs","dotfile","13"
"lukereno","tutorials","90"
"github","platform-samples","13"
"valiantljk","h5spark","64"
"almada94","almada","26"
"eric-erki","OpenAPI-Specification","88"
"pyjsdev","flask","67"
"Momo2beng","nuxeo","586"
"xeno-by","backupler-2013-07-25","47935"
"diggzhang","custom_deequ","501"
"emizhang","HostaLabs-Localization","26"
"gliderlabs","herokuish","2"
"tersesystems","blindsight","949"
"exo-lang","exo","6"
"rajarahul27","rahul-ctesting","26"
"tpolecat","natchez","338"
"sgrouples","paypal","528"
"tirupathiogirala","ServerLess","7"
"AbsaOSS","spline","4653"
"UKHomeOffice","drt-v2","19557"
"CryptoFarian","BitMex_trading","1267"
"gkossakowski","scalagwt-scala","39732"
"ApolloFoundation","Apollo","20"
"sandeepnair2812","MLflow-A-Machine-Learning-Lifecycle-Platform","17"
"joelittlejohn","jsonschema2pojo","93"
"twitter","scala_school","38"
"pprasad","OpenApis","88"
"bluenote10","NimData","4"
"antlr","grammars-v4","7"
"mostafij-rahman","pulsar3","4"
"humbhenri","Sudoku_Poliglota","3"
"Maluuba","bokeh","67"
"developerdong","powergraph","3"
"cliffano","swaggy-jenkins","5255"
"9rince","kfp","12"
"raghav-deepsource","gerrit","43"
"jacquesg","p5-MsgPack-Raw","23"
"hl475","svd","25906"
"zk25796","ace","4"
"pokokmenjoget","ppu7","23066"
"talhahasanzia","swagger-code-gen-clone","2633"
"nationalarchives","tdr-scripts","2"
"linkerd","linkerd-examples","4"
"pdbartlett","misc-stuff","223"
"danmastalerz","scalachess","3299"
"erikvanoosten","sentries","298"
"streamnative","pulsar-beat-output","8"
"AlphaWong","apache-kafka-on-k8s","9461"
"mjwall","dotfiles","2"
"wang-shishuang","Java-Tutorials","90"
"spinnaker","clouddriver","22"
"fdse3","ReactiveX_RxJava_0","937"
"facebook","fbthrift","2"
"estebanmate","books","6"
"apicollective","apibuilder-validation","523"
"mattmoore","scala-playground","207"
"fthomas","refined","2302"
"scalapb","zio-grpc","604"
"nvanhoeck","gilded-rose-kata","10"
"v-raya","Deploy-Maven-Builds-to-Artifactory","2"
"michael-galpin","scala","27774"
"GitHubRaju","https-github.com-eugenp-tutorials","30"
"shuangshuangwang","spark-adaptive","27742"
"ChTimTsubasa","MySpark","26445"
"yaommen","spark","30604"
"nikosnikolaidis","mahout","2486"
"DSC-SPIDAL","twister2applications","26"
"byshen","redis-study","44"
"iron2414","spark-efop-websocket","30379"
"nikosnikolaidis","incubator-hivemall","516"
"yunglechao","mxnet","2480"
"inkydragon","gc","6"
"FUHENG0571","S","29611"
"vakkov","opencv","26"
"zio","zio-sql","1459"
"SumoLogic","sumo-java-client","2"
"ruxiliang","TVMDynMem","308"
"oap-project","raydp","82"
"velo","flexmojos","3"
"sbt","sbt","18331"
"jayeetanaskar","spark","29673"
"apache","openwhisk-runtime-docker","875"
"anukritigupta24","openapi-spec","88"
"delcacho","DataSciencePlatform","1"
"spark-jobserver","spark-jobserver","1708"
"aniksarakash","awesomo","2"
"jmcph4","fp-course2020","133"
"technogav","grababite-1.1","2"
"metarank","metarank","1217"
"SMazu","Data-61-Haskell-Functional-Programming-Course","133"
"openzipkin","zipkin-finagle","20"
"blue-oil","blueoil","368"
"chipsalliance","rocket-chip","13019"
"JulioZS","GildedRoseRefactoring","6"
"OAI","OpenAPI-Specification","88"
"centercode","code-samples","2"
"sbt","sbt-unidoc","64"
"ailrk","trash","9"
"jgm","skylighting","1"
"asdf2014","algorithm","1"
"xuwei-k","sbt-proguard","86"
"fusesource","hawtjni","14"
"liftmodules","imaging","523"
"EpamLifeSciencesTeam","cmwl_pipeline","1097"
"ReactiveX","RxJava","937"
"zhkl0228","binary-refactory","2"
"Alignof","pygments-rs","50"
"shravan-padakanti","spark-source","28081"
"MAIF","otoroshi","10120"
"yougandarnaik","project-examples","2"
"amperie","user-models","13"
"MallikarjunMMN","Serverless","3"
"kubukoz","steve","188"
"lerencao","solutions_of_projecteuler","1"
"pedrovgs","Shot","425"
"wavesplatform","matcher","39526"
"DivyanshuSharma06","hello-world-in-every-language","3"
"dagster-io","dagster","32"
"81CuongVn","arrow","86"
"blackbird71SR","Hello-World","3"
"guardian","bonobo","1000"
"jswaff","chess4j","5"
"Jazmann","OpenCV-2017-Rebuild","26"
"rajrohith","apache-spark","25612"
"sig-alanyan","platform-samples-mirror","13"
"qinwang","spark1","29877"
"VideoAmp","flint","285"
"x3193","c9","3"
"satishbiradar99","buildstatus","2"
"znep","spandex","774"
"mathiasbynens","small","1"
"fiji","fiji","1"
"4paradigm","OpenMLDB","1749"
"RIKEN-RCCS","spark","21066"
"emartech","emarsys-client-scala-sdk","297"
"coursier","sbt-coursier","3449"
"SunicYosen","tvm-rram","131"
"adlnet","xAPIWrapper","4"
"apache","skywalking","35"
"sigoden","fp-course","133"
"abroskin","kafka-connect-jdbc","73"
"doesntreallymatter1","h","41"
"sbt","launcher","681"
"gprathore","Test","12558"
"smtcrms","buck","6"
"siderdax","prisma4rpi4","1921"
"mcb287","Halite2016","19"
"clab","dynet","15"
"Janhen","spark","30506"
"apache","tvm","308"
"zhaoxudongnew","zhaoxudongnew","24322"
"isabelle-prover","mirror-isabelle","15108"
"olyn-octo","kata-trivia","8"
"laifong","OpenCV","26"
"gertschouten","kafka-connect-jdbc-flatten","73"
"camptocamp","c2cgeoportal","12"
"jupyter-server","enterprise_gateway","7"
"fakeNetflix","twitter-repo-commons","12"
"someshnnm","aws","7"
"arnfred","Penrose","3"
"dispatch","reboot","580"
"alejogs4","ts-final-refactor","6"
"Lyken17","tvm-hack","308"
"assafsauer","Kafka-c1","73"
"http4s","http4s-crypto","202"
"earldouglas","sbt-frege","24"
"freechipsproject","www.chisel-lang.org","2"
"devth","devth.github.com","17"
"sbt","sbt-protobuf","85"
"xestradingcenterorg","redis-5.0-annotated","44"
"ssaavedra","spark-k8s","27795"
"ajavageek","gilded-rose-rust","6"
"Sunbird-inQuiry","data-pipeline","4156"
"TheCodeCache","spark-25517","30300"
"nangudeprashant","SpringMVC","16"
"junarwohn","tvm-0.7","308"
"ConsenSys","web3signer","7"
"ajaxorg","ace","4"
"c4dt","service-stainless","7"
"berensaat","C-","62"
"flowcommerce","lib-postgresql","214"
"Jin-H","spark-read","29237"
"mhaberler","pygments","595"
"hayescody27","assignment-2-gilded-rose","10"
"honeyroastedturkey","GildedRose-Refactoring-Kata","10"
"13099130927","leetcode","17"
"ethyca","fides","1135"
"outline-insurance","apex","1"
"luojiahuli","SparkGraphx","16702"
"apache","incubator-hivemall","516"
"tysonnorris","openwhisk-new-containerpool","1826"
"hmrc","tax-summaries","2020"
"system-f","fp-course","133"
"sbt","librarymanagement","2342"
"pygments","pygments","50"
"phanuwichX","Test2-Ass2","378"
"agarwalrounak","Hello-World","1"
"fmigneault","opencv","26"
"itchyny","fastinvsqrt","2"
"rohankumardubey","GitBucket","5927"
"ucb-bar","firrtl-uclid","1523"
"SonarSource","slang","106"
"rohankumardubey","spark-excel","402"
"ASWWU-Web","frontend","4"
"OctoConsulting","generator-fedhipster","44"
"backtrackshubham","sparkts-scala-2.12","795"
"IronCoreLabs","recrypt","134"
"ballista-compute","ballista","173"
"mr-beerkiss","samples","1"
"chuan9797","Backup","11"
"circe","circe-spray","12"
"mikedamay","v3-unforked","3"
"harishgoudb","Jfrog-cpoy","2"
"eamicheal","TVMCloned080222","308"
"PengJi","Redis","44"
"Xxiaobai1","mxnet_autoclip","2482"
"emartech","escher-akka-http","67"
"uuverifiers","parikh-theory","567"
"Tencent","BlazerML-tvm","308"
"evolution-gaming","scassandra","269"
"Alex-LiWenhao","openapi","3501"
"onestepbystep","spark_core","27897"
"asami","arcadia","469"
"enis","hbase","125"
"royburns","QUANTAXIS","8"
"wangcheng95","flink_source_study","23491"
"pocoproject","gradle-poco","443"
"indrasmartmob","microsoft_recommenders","60"
"SpooderManEXE","Hacktoberfest2020-Expert","3"
"reactive-streams","reactive-streams-jvm","32"
"bazelbuild","rules_scala","575"
"myeyesareblind","opencv-ml","17"
"zhaohc10","cmkafka","12156"
"nlkntsharma","mwatch","30418"
"christophyoon","android_opencv_study","26"
"twitter","finatra","2276"
"einverne","kafka","9785"
"icyphy","ptII","30"
"ChubaOraka","data-science-on-aws-workshop-2021-05-15","10778"
"softwaremill","tapir","14026"
"ucb-bar","chisel-repo-tools","1"
"reactivemanifesto","website-manifesto","138"
"tvraman","emacspeak","31"
"emartech","pure-scheduler","81"
"hortontp","RxJava","937"
"lballabio","quantlib-old","9"
"vicknesh22","gcloud-plugins","6"
"apache","plc4x","4"
"snowplow-referer-parser","referer-parser","139"
"scala-js","scala-js-dom","4380"
"utkarshd777","storeseghello","3"
"muellners","generators-finscale","44"
"QianChao91","spark","23587"
"pengxiaoyong","first","30"
"polynote","polynote","2042"
"psforever","PSF-LoginServer","8008"
"rajatguptakr2","ng-cordova-rajat","2"
"github","linguist","9"
"bollu","mlir-hoopl-rete","1"
"maomanqi","spark","26809"
"typelevel","case-insensitive","104"
"junhalba","incubator-mxnet-master","2479"
"lizhanyang505","spark-source","26996"
"gridgentoo","realtime-olap","16"
"eed3si9n","gigahorse","355"
"pravitha2586","project-example","2"
"Balaji-P","kafka","1168"
"cornerman","sloth","466"
"src-d","jgit-spark-connector","525"
"freedesktop","xdg-shared-mime-info","3"
"fishy","notifbot","87"
"Tekh-ops","Hello-World","13"
"Mermade","openapi-codegen","2"
"AndyYSWoo","spark-latest","25113"
"ruippeixotog","akka-testkit-specs2","87"
"IanDarwin","javasrc","6"
"wyze","atom-seti-icons","1"
"sbt","sbt-java-formatter","44"
"NullDev","Hacktoberfest-2020-FizzBuzz","3"
"krzychdre","kafka-connect-jdbc","73"
"Shreyasbaba","tutorials","90"
"adityadhakal","aditya_tvm","308"
"houssoli","project-examples-jfrog","2"
"aretit2533","logging-log4j2","156"
"uid","gitstream-exercises","5"
"schrepfler","uri4s","41"
"totalkyos","C9","3"
"vifon","emacs-config","5"
"ltonetwork","lto-public-chain","29782"
"foam-framework","foam2","2"
"TyGuS","suslik","3606"
"Vokkels","Drone_Automation-Border_Patrol","26"
"scylladb","scylla-code-samples","15"
"chipsalliance","firrtl","3476"
"whisklabs","docker-it-scala","642"
"jmsgrogan","PyChaste.web","19"
"fakeNetflix","facebook-repo-buck","6"
"spark-thriftserver","spark-thriftserver","30455"
"aisinnovation","ais","26"
"pmd","pmd","34"
"ceejay66","camel","1216"
"panjunbingtj","whale","3"
"apache","kylin","1279"
"caodi","julia","2"
"yuhaijun87","kafka","9174"
"AlbericMartel","trivia","6"
"Grogs","fulfilmed","1480"
"andyglow","websocket-scala-client","100"
"unfiltered","unfiltered","3724"
"scala-exercises","exercises-stdlib","884"
"MathHubInfo","ISFA","125"
"IMCG","Flink","3506"
"84KaliPleXon3","hacker-scripts","2"
"arnfred","ifany-scala","299"
"scodec","scodec","2754"
"tobegit3hub","tensorflow_template_application","9"
"readmeio","markdown","2"
"shash431","tutorials-reference","90"
"albuch","sbt-dependency-check","167"
"raosudha89","vowpal_wabbit","3"
"cornerman","colibri","396"
"scoverage","gradle-scoverage","131"
"eed3si9n","scalaxb","2289"
"6high","spark-2.x-source-read","28529"
"delta-io","connectors","621"
"DarkHighness","fp-course","133"
"haltona","FlinkTrainingAttemp2","23645"
"unarto","shadowsocks-android","2625"
"playframework","play-json","1282"
"scalacenter","scastie","4545"
"argonaut-io","argonaut","2207"
"apache","ambari","239"
"rajrohith","lambda-arch","25635"
"gchudnov","swearwolf","2377"
"Vattikondadheeraj","testing","1"
"dmlc","treelite","14"
"prisma","prisma1","18545"
"zhanghk2001","LeetCode","17"
"fossabot","Autofactory","9"
"mek-omkar","opsrampkbncust","4"
"akka","akka-http-quickstart-scala.g8","62"
"apache","incubator-heron","201"
"BuiltBrokenModding","ICBM-2","12"
"vyankat70war","gildedrose","6"
"pureconfig","pureconfig","2241"
"iam-abbas","cs-algorithms","1"
"doubleloop-io","applied-fp-workshop-scala","964"
"Sensefields","swagger-codegen-scripts","2590"
"dequanchen","hbase-7129","295"
"remy3123","re-572-44","1"
"spotify","scio-idea-plugin","64"
"vesan","dotfiles","9"
"paco09","bigbluebutton","1068"
"DIEGO123TNS","https-github.com-opencv-opencv","26"
"guokai27","lianghua","8"
"nikosnikolaidis","ignite","3905"
"mnandinic","incubator-pinot","16"
"felix-lang","felix","20"
"GetStream","react-activity-feed","2"
"phainamikaze","cruise-control","19"
"ckc-org","dotfiles","8"
"seek-oss","aws-lambda-scala","36"
"MetricsGroup","hacker-scripts-only-security","2"
"e-kit","swagger-codegen","2630"
"enis","hbase-sal","109"
"paulmillr","dotfiles","8"
"snowplow","scala-maxmind-iplookups","268"
"docker-exec","dexec","52"
"VictoriaMurk","GildedRose_refactor","6"
"tianchuangandzhangjia","flink","23598"
"ajespoo","sparkk8","28478"
"joscha","play-authenticate","119"
"gwf-uwaterloo","cuizinart","25"
"sureindia-in","data-science-on-aws-workshop","10778"
"scalikejdbc","scalikejdbc-async","760"
"bearsmall","pmd","6"
"cmusv-sc","Spark","13774"
"broadinstitute","firecloud-orchestration","3764"
"naitae99","tutorials","31"
"eungju","kata","14"
"sksamuel","scrimage","3399"
"git-an756","hello_world","12"
"sparkling-graph","sparkling-graph","955"
"GoogleCloudPlatform","cloud-builders-community","6"
"sagpant","msgpack-c","23"
"gchq","gaffer-tools","2"
"victorclee","gilded-emus","6"
"edlf","simgrid","18"
"PierreNP","W8_J3","10"
"bazelbuild","bazel-federation","3"
"akka","akka-management","1170"
"serverless","examples","4"
"DavidAlphaFox","spark","17369"
"twitter","util","2655"
"hedgehogqa","scala-hedgehog","466"
"esamson","remder","173"
"suniala","lehtikierto","466"
"att","rcloud","3"
"querqy","smui","432"
"sbt","sbt-buildinfo","150"
"yarthur1","pulsar","4"
"dallonasnes","police-scanner-analysis","45"
"langjam","jam0001","13"
"KnowingNothing","AMOS","308"
"ECE444-2021Fall","project2-oss-group-3","11"
"hust-wuwechao","Mxnet2020V2","2482"
"81CuongVn","lila","69932"
"tetrafolium","kotlin","1"
"Norsk-Tipping","kafka-connect-jdbc-flatten","73"
"jandom-devel","Jandom","3002"
"joehughes1985","kafka2","7992"
"mongodb","mongo-scala-driver","1743"
"orrsella","dotfiles","43"
"sbmxc","hacktoberfest","1"
"hank","life","4"
"1995parham","github-do-not-ban-us","10"
"yangxi","staging-kafka","11065"
"huangyingw","mwouts_jupytext","3"
"codingwell","scala-guice","301"
"rtyley","bfg-repo-cleaner","382"
"hanshenrik","fp-course","133"
"kklochan","api_v2_docs","2589"
"maduhu","CMAK-Kafka-Manager","1194"
"HaliteChallenge","Halite-III","177"
"Jjake540","gilded-rose-tech-test","10"
"flowms-peter","kafka-connect-jdbc","73"
"bkirwi","decline","553"
"gaogf","flink","8178"
"shikto-tech","CLOUD_9_V3","9"
"OliverRehberg","gilded_rose_refactored","6"
"richardantal","phoenix","125"
"anandhamma","git-maven-examples","2"
"nikklassen","advent-of-code","6"
"tersesystems","terse-logback","13"
"liff","jetbrains-flake","29"
"arnabdey24","algorithm","11"
"ppratik2908","kafka-spark","28606"
"tapeout","firrtl-mill-sp19","1502"
"rohankumardubey","openwhisk","3399"
"GSSJacky","buildGeodeRedisAdapter","473"
"wang2ya","OpenCV","24"
"twitter","bijection","1448"
"arrow-kt","arrow","86"
"nailbiter","for","1"
"pmpawase","pp-jfrog-project-examples","3"
"ant8e","sbt-i18n","50"
"MartinHH","lkdoko","276"
"SunilPalagiri","Spark-Research-and-Development","24678"
"anteldan","braid_opencv","26"
"eed3si9n","jarjar-abrams","118"
"ahaxu","gitpod_hkp","133"
"indranil32","HelloWorld","1"
"swagger-api","swagger-codegen","2651"
"MSBigData2019","Benoit_SdeMenthiere","4"
"Snapchat","KeyDB","44"
"maziyank","gobyexample-id","6"
"evolution-gaming","akka-effect","1613"
"opencypher","front-end","11616"
"Lifecambodia","bigbluebutton","2807"
"ilya-klyuchnikov","mrsc","1744"
"hmcts","document-management-store-app","22"
"larrystd","redis_source","44"
"raspbian-packages","cargo","6"
"Not-so-middle","Sublime-BoxyTheme","6"
"swan-cern","sparkmonitor","31"
"i-surkov","fp-course","133"
"mainflux","mainflux","37"
"ibm-research-ireland","sparkoscope","25601"
"guardian","play-googleauth","143"
"Kins1ley","tvm","170"
"jmkr","eatfresh","43"
"oap-project","sql-ds-cache","5749"
"TOSIT-IO","kafka","13596"
"Soldie","opencv","26"
"p07r0457","ActiveMq-5","378"
"melpon","wandbox-builder","11"
"mbkulik","RxBackpressure","644"
"IronCoreLabs","cats-scalatest","93"
"outwatch","outwatch","1700"
"allforgood","allforgood","558"
"nice01qc","kafka2.5_learning","12160"
"zuomang","redis_learning","44"
"nandhakumarr94","jfrog","2"
"housepower","spark-clickhouse-connector","1438"
"ACINQ","eclair","6946"
"wang-jinfeng","spark-learning","30322"
"NetLogo","NW-Extension","678"
"sfhardman","grkata","6"
"wikimedia","wikidata-query-rdf","54"
"academy-jan-2022","trivia-mob-two","6"
"nguyenhaidhcn","java-tutorial","24"
"sirthias","parboiled","818"
"dwijnand","sbt-extras","59"
"akbence","flinkcep","5177"
"bharatsunny","OPEN-CV","26"
"ISE-SMILE","runtime-nodejs","899"
"hashmapinc","Tempus","6"
"pepegar","hammock","495"
"flowvault","proxy","1073"
"amrutabhanji117","helloWorlddevops","12"
"ngonzalez1981","tutorial","31"
"zhaijk","spark","26429"
"amrith92","hbase","316"
"luo4lu","opencv2","26"
"twitter","twitter-server","324"
"KeshavRDudhe","30-Days-of-Code","17"
"AlexRogalskiy","object-mappers-playground","1"
"orangain","opencv","27"
"liftmodules","widgets","625"
"rabbitmq","rabbitmq-tutorials","28"
"Lukas-Grasmann","skyline-queries-spark","29582"
"jaypy-h","facebook-torch-library","2"
"luc-neulens","test","31"
"scopt","scopt","447"
"vejandlakrishna","Tutorials","16"
"HussainYousuf","fp-course","133"
"homermultitext","hmt-archive","52"
"msgpack","msgpack-c","23"
"yurengwu","pulsar1","4"
"pan092","jsonPatch","1707"
"TileDB-Inc","TileDB-Java","4"
"itskautuk","tutorials","16"
"Lanceolata","redis","44"
"ZoranPandovski","design-patterns","7"
"evolution-gaming","skafka","1154"
"P-S-P-M","OPEN-CV","26"
"wix","quix","541"
"twitter","algebird","3503"
"intel-analytics","analytics-zoo","4727"
"scala","vscode-scala-syntax","98"
"gitbucket","gitbucket","6039"
"vandofb","opencv","26"
"embeddedkafka","embedded-kafka","619"
"jmwhitfi","pygments-main","595"
"azavea","franklin","968"
"hust-wuwechao","mxnet_20191220","2482"
"ryanoasis","vim-devicons","1"
"hhuyen123","confluent","14"
"qk693516337","shadowsocks-android","2625"
"pfhayes","dotfiles","1"
"NikitaSteamme","cucumber-jvm1","375"
"drujensen","fib","3"
"eclipse","ditto","95"
"scalableminds","webknossos-wrap","84"
"chenming100","Repository","2630"
"GoogleCloudDataproc","hadoop-connectors","33"
"richie00","spark","15370"
"danieletorelli","loan-cashflows-api","117"
"giacomodabisias","Opencv_withgpu","17"
"sdkman","sdkman-db-migrations","849"
"foundweekends","pamflet","366"
"apache","incubator-doris","35"
"oap-project","gluten","1123"
"ymd526442121","spark_learn","24610"
"scala","scala-parallel-collections","992"
"jbrains","trivia","6"
"braje","course","126"
"blockchaintp","daml-on-sawtooth","56"
"eisber","Recommenders","24"
"zio","zio-actors","163"
"aiyan2001","learngit","335"
"tommydavis","openapi-generator","2819"
"trishume","syntect","1"
"v0dro","scratch","47"
"earldouglas","sectery","154"
"jonatan-ivanov","teahouse","2"
"gridgain","gridgain","4314"
"domtronn","all-the-icons.el","3"
"stankmic","A4M33TVS","55"
"evolution-gaming","stracer","234"
"wosorio80","mambu","2652"
"0xreza","tvm","308"
"KattisMaster","ACM-ICPC-Algorithms","6"
"saddle","saddle","829"
"mahloeu","cucumberJavaTestNg","375"
"cchantep","acolyte","1192"
"andreaferretti","linear-algebra","4"
"blaze-init","blaze","348"
"DanBarkus","pygments_gsql_lexer","50"
"codebyravi","serverless","3"
"playframework","scalatestplus-play","1390"
"ionic-team","ng-cordova","2"
"lightbend","paradox","772"
"soc","soc.me","2"
"AntonEstrela","Examen_pes_real","93"
"broadinstitute","gpalloc","243"
"mybatis","scala","563"
"acidghost","ENRON-sentiment-analysis","173"
"typelevel","cats-tagless","732"
"gczsjdy","spark-adaptive","27498"
"sbt","sbt-git","146"
"booqee","opencv","26"
"DataDog","integrations-core","1"
"hku-systems","kakute","27110"
"scala-text","scala_text","31"
"Luckitas1986","FaceDetection","26"
"rexxer1","r3x","9"
"pmandadapu9","Jhipster","44"
"rohankumardubey","polynote","1981"
"kesihai","hbase","316"
"japentaca","c9sdk","9"
"travisbrown","dotty-experiments","12287"
